<?xml version="1.0" encoding="UTF-8"?><?xml-stylesheet type='text/xsl' href='_UpgradeReport_Files/UpgradeReport.xslt'?><UpgradeLog>
<Properties><Property Name="Solution" Value="ThoughtWorks.QRCode">
</Property><Property Name="ソリューション ファイル" Value="D:\Minami\Tips\QR Code\QRCode\QRCode\QRCodeLib\ThoughtWorks.QRCode.sln">
</Property><Property Name="Date" Value="2011年12月6日">
</Property><Property Name="Time" Value="17:07:47">
</Property><Property Name="ログ番号" Value="2">
</Property></Properties><Event ErrorLevel="0" Project="QRCodeMobileLib" Source="..\QRCodeMobileLib\QRCodeMobileLib.csproj" Description="プロジェクト ファイルは正常に D:\Minami\Tips\QR Code\QRCode\QRCode\QRCodeLib\Backup1\QRCodeMobileLib.csproj としてバックアップされました。">
</Event><Event ErrorLevel="0" Project="QRCodeMobileLib" Source="..\QRCodeMobileLib\QRCodeMobileLib.csproj.user" Description="プロジェクト ユーザー ファイルは正常に D:\Minami\Tips\QR Code\QRCode\QRCode\QRCodeLib\Backup1\QRCodeMobileLib.csproj.user としてバックアップされました。">
</Event><Event ErrorLevel="0" Project="QRCodeMobileLib" Source="..\QRCodeMobileLib\data\QRCodeBitmapImage.cs" Description="ファイルは正常に D:\Minami\Tips\QR Code\QRCode\QRCode\QRCodeLib\Backup1\data\QRCodeBitmapImage.cs としてバックアップされました。">
</Event><Event ErrorLevel="0" Project="QRCodeMobileLib" Source="..\QRCodeMobileLib\data\QRCodeImage.cs" Description="ファイルは正常に D:\Minami\Tips\QR Code\QRCode\QRCode\QRCodeLib\Backup1\data\QRCodeImage.cs としてバックアップされました。">
</Event><Event ErrorLevel="0" Project="QRCodeMobileLib" Source="..\QRCodeMobileLib\data\QRCodeSymbol.cs" Description="ファイルは正常に D:\Minami\Tips\QR Code\QRCode\QRCode\QRCodeLib\Backup1\data\QRCodeSymbol.cs としてバックアップされました。">
</Event><Event ErrorLevel="0" Project="QRCodeMobileLib" Source="..\QRCodeMobileLib\ecc\BCH15_5.cs" Description="ファイルは正常に D:\Minami\Tips\QR Code\QRCode\QRCode\QRCodeLib\Backup1\ecc\BCH15_5.cs としてバックアップされました。">
</Event><Event ErrorLevel="0" Project="QRCodeMobileLib" Source="..\QRCodeMobileLib\ecc\ReedSolomon.cs" Description="ファイルは正常に D:\Minami\Tips\QR Code\QRCode\QRCode\QRCodeLib\Backup1\ecc\ReedSolomon.cs としてバックアップされました。">
</Event><Event ErrorLevel="0" Project="QRCodeMobileLib" Source="..\QRCodeMobileLib\exception\AlignmentPatternNotFoundException.cs" Description="ファイルは正常に D:\Minami\Tips\QR Code\QRCode\QRCode\QRCodeLib\Backup1\exception\AlignmentPatternNotFoundException.cs としてバックアップされました。">
</Event><Event ErrorLevel="0" Project="QRCodeMobileLib" Source="..\QRCodeMobileLib\exception\DecodingFailedException.cs" Description="ファイルは正常に D:\Minami\Tips\QR Code\QRCode\QRCode\QRCodeLib\Backup1\exception\DecodingFailedException.cs としてバックアップされました。">
</Event><Event ErrorLevel="0" Project="QRCodeMobileLib" Source="..\QRCodeMobileLib\exception\FinderPatternNotFoundException.cs" Description="ファイルは正常に D:\Minami\Tips\QR Code\QRCode\QRCode\QRCodeLib\Backup1\exception\FinderPatternNotFoundException.cs としてバックアップされました。">
</Event><Event ErrorLevel="0" Project="QRCodeMobileLib" Source="..\QRCodeMobileLib\exception\InvalidDataBlockException.cs" Description="ファイルは正常に D:\Minami\Tips\QR Code\QRCode\QRCode\QRCodeLib\Backup1\exception\InvalidDataBlockException.cs としてバックアップされました。">
</Event><Event ErrorLevel="0" Project="QRCodeMobileLib" Source="..\QRCodeMobileLib\exception\InvalidVersionException.cs" Description="ファイルは正常に D:\Minami\Tips\QR Code\QRCode\QRCode\QRCodeLib\Backup1\exception\InvalidVersionException.cs としてバックアップされました。">
</Event><Event ErrorLevel="0" Project="QRCodeMobileLib" Source="..\QRCodeMobileLib\exception\InvalidVersionInfoException.cs" Description="ファイルは正常に D:\Minami\Tips\QR Code\QRCode\QRCode\QRCodeLib\Backup1\exception\InvalidVersionInfoException.cs としてバックアップされました。">
</Event><Event ErrorLevel="0" Project="QRCodeMobileLib" Source="..\QRCodeMobileLib\exception\SymbolNotFoundException.cs" Description="ファイルは正常に D:\Minami\Tips\QR Code\QRCode\QRCode\QRCodeLib\Backup1\exception\SymbolNotFoundException.cs としてバックアップされました。">
</Event><Event ErrorLevel="0" Project="QRCodeMobileLib" Source="..\QRCodeMobileLib\exception\VersionInformationException.cs" Description="ファイルは正常に D:\Minami\Tips\QR Code\QRCode\QRCode\QRCodeLib\Backup1\exception\VersionInformationException.cs としてバックアップされました。">
</Event><Event ErrorLevel="0" Project="QRCodeMobileLib" Source="..\QRCodeMobileLib\geom\Axis.cs" Description="ファイルは正常に D:\Minami\Tips\QR Code\QRCode\QRCode\QRCodeLib\Backup1\geom\Axis.cs としてバックアップされました。">
</Event><Event ErrorLevel="0" Project="QRCodeMobileLib" Source="..\QRCodeMobileLib\geom\Line.cs" Description="ファイルは正常に D:\Minami\Tips\QR Code\QRCode\QRCode\QRCodeLib\Backup1\geom\Line.cs としてバックアップされました。">
</Event><Event ErrorLevel="0" Project="QRCodeMobileLib" Source="..\QRCodeMobileLib\geom\Point.cs" Description="ファイルは正常に D:\Minami\Tips\QR Code\QRCode\QRCode\QRCodeLib\Backup1\geom\Point.cs としてバックアップされました。">
</Event><Event ErrorLevel="0" Project="QRCodeMobileLib" Source="..\QRCodeMobileLib\geom\SamplingGrid.cs" Description="ファイルは正常に D:\Minami\Tips\QR Code\QRCode\QRCode\QRCodeLib\Backup1\geom\SamplingGrid.cs としてバックアップされました。">
</Event><Event ErrorLevel="0" Project="QRCodeMobileLib" Source="..\QRCodeMobileLib\Properties\AssemblyInfo.cs" Description="ファイルは正常に D:\Minami\Tips\QR Code\QRCode\QRCode\QRCodeLib\Backup1\Properties\AssemblyInfo.cs としてバックアップされました。">
</Event><Event ErrorLevel="0" Project="QRCodeMobileLib" Source="..\QRCodeMobileLib\Properties\Resources.Designer.cs" Description="ファイルは正常に D:\Minami\Tips\QR Code\QRCode\QRCode\QRCodeLib\Backup1\Properties\Resources.Designer.cs としてバックアップされました。">
</Event><Event ErrorLevel="0" Project="QRCodeMobileLib" Source="..\QRCodeMobileLib\QRCodeDecoder.cs" Description="ファイルは正常に D:\Minami\Tips\QR Code\QRCode\QRCode\QRCodeLib\Backup1\QRCodeDecoder.cs としてバックアップされました。">
</Event><Event ErrorLevel="0" Project="QRCodeMobileLib" Source="..\QRCodeMobileLib\QRCodeEncoder.cs" Description="ファイルは正常に D:\Minami\Tips\QR Code\QRCode\QRCode\QRCodeLib\Backup1\QRCodeEncoder.cs としてバックアップされました。">
</Event><Event ErrorLevel="0" Project="QRCodeMobileLib" Source="..\QRCodeMobileLib\reader\pattern\AlignmentPattern.cs" Description="ファイルは正常に D:\Minami\Tips\QR Code\QRCode\QRCode\QRCodeLib\Backup1\reader\pattern\AlignmentPattern.cs としてバックアップされました。">
</Event><Event ErrorLevel="0" Project="QRCodeMobileLib" Source="..\QRCodeMobileLib\reader\pattern\FinderPattern.cs" Description="ファイルは正常に D:\Minami\Tips\QR Code\QRCode\QRCode\QRCodeLib\Backup1\reader\pattern\FinderPattern.cs としてバックアップされました。">
</Event><Event ErrorLevel="0" Project="QRCodeMobileLib" Source="..\QRCodeMobileLib\reader\pattern\LogicalSeed.cs" Description="ファイルは正常に D:\Minami\Tips\QR Code\QRCode\QRCode\QRCodeLib\Backup1\reader\pattern\LogicalSeed.cs としてバックアップされました。">
</Event><Event ErrorLevel="0" Project="QRCodeMobileLib" Source="..\QRCodeMobileLib\reader\QRCodeDataBlockReader.cs" Description="ファイルは正常に D:\Minami\Tips\QR Code\QRCode\QRCode\QRCodeLib\Backup1\reader\QRCodeDataBlockReader.cs としてバックアップされました。">
</Event><Event ErrorLevel="0" Project="QRCodeMobileLib" Source="..\QRCodeMobileLib\reader\QRCodeImageReader.cs" Description="ファイルは正常に D:\Minami\Tips\QR Code\QRCode\QRCode\QRCodeLib\Backup1\reader\QRCodeImageReader.cs としてバックアップされました。">
</Event><Event ErrorLevel="0" Project="QRCodeMobileLib" Source="..\QRCodeMobileLib\util\Color.cs" Description="ファイルは正常に D:\Minami\Tips\QR Code\QRCode\QRCode\QRCodeLib\Backup1\util\Color.cs としてバックアップされました。">
</Event><Event ErrorLevel="0" Project="QRCodeMobileLib" Source="..\QRCodeMobileLib\util\ConsoleCanvas.cs" Description="ファイルは正常に D:\Minami\Tips\QR Code\QRCode\QRCode\QRCodeLib\Backup1\util\ConsoleCanvas.cs としてバックアップされました。">
</Event><Event ErrorLevel="0" Project="QRCodeMobileLib" Source="..\QRCodeMobileLib\util\ContentConverter.cs" Description="ファイルは正常に D:\Minami\Tips\QR Code\QRCode\QRCode\QRCodeLib\Backup1\util\ContentConverter.cs としてバックアップされました。">
</Event><Event ErrorLevel="0" Project="QRCodeMobileLib" Source="..\QRCodeMobileLib\util\DebugCanvas.cs" Description="ファイルは正常に D:\Minami\Tips\QR Code\QRCode\QRCode\QRCodeLib\Backup1\util\DebugCanvas.cs としてバックアップされました。">
</Event><Event ErrorLevel="0" Project="QRCodeMobileLib" Source="..\QRCodeMobileLib\util\DebugCanvasAdapter.cs" Description="ファイルは正常に D:\Minami\Tips\QR Code\QRCode\QRCode\QRCodeLib\Backup1\util\DebugCanvasAdapter.cs としてバックアップされました。">
</Event><Event ErrorLevel="0" Project="QRCodeMobileLib" Source="..\QRCodeMobileLib\util\QRCodeUtility.cs" Description="ファイルは正常に D:\Minami\Tips\QR Code\QRCode\QRCode\QRCodeLib\Backup1\util\QRCodeUtility.cs としてバックアップされました。">
</Event><Event ErrorLevel="0" Project="QRCodeMobileLib" Source="..\QRCodeMobileLib\util\SystemUtils.cs" Description="ファイルは正常に D:\Minami\Tips\QR Code\QRCode\QRCode\QRCodeLib\Backup1\util\SystemUtils.cs としてバックアップされました。">
</Event><Event ErrorLevel="0" Project="QRCodeMobileLib" Source="..\QRCodeMobileLib\Properties\Resources.resx" Description="ファイルは正常に D:\Minami\Tips\QR Code\QRCode\QRCode\QRCodeLib\Backup1\Properties\Resources.resx としてバックアップされました。">
</Event><Event ErrorLevel="0" Project="QRCodeMobileLib" Source="..\QRCodeMobileLib\QRCodeMobileLib.csproj" Description="プロジェクトは正常に変換されました。">
</Event><Event ErrorLevel="3" Project="QRCodeMobileLib" Source="..\QRCodeMobileLib\QRCodeMobileLib.csproj" Description="Converted">
</Event></UpgradeLog>