<?xml version="1.0" encoding="UTF-8"?><?xml-stylesheet type='text/xsl' href='_UpgradeReport_Files/UpgradeReport.xslt'?><UpgradeLog>
<Properties><Property Name="Solution" Value="ThoughtWorks.QRCode">
</Property><Property Name="ソリューション ファイル" Value="D:\Minami\Tips\QR Code\QRCode\QRCode\QRCodeLib\ThoughtWorks.QRCode.sln">
</Property><Property Name="ユーザー オプション ファイル" Value="D:\Minami\Tips\QR Code\QRCode\QRCode\QRCodeLib\ThoughtWorks.QRCode.suo">
</Property><Property Name="Date" Value="2011年12月6日">
</Property><Property Name="Time" Value="17:07">
</Property></Properties><Event ErrorLevel="0" Project="" Source="ThoughtWorks.QRCode.sln" Description="ファイルは正常に D:\Minami\Tips\QR Code\QRCode\QRCode\QRCodeLib\Backup\ThoughtWorks.QRCode.sln としてバックアップされました。">
</Event><Event ErrorLevel="0" Project="" Source="ThoughtWorks.QRCode.suo" Description="ファイルは正常に D:\Minami\Tips\QR Code\QRCode\QRCode\QRCodeLib\Backup\ThoughtWorks.QRCode.suo としてバックアップされました。">
</Event><Event ErrorLevel="0" Project="QRCodeLib" Source="QRCodeLib.csproj" Description="プロジェクト ファイルは正常に D:\Minami\Tips\QR Code\QRCode\QRCode\QRCodeLib\Backup\QRCodeLib.csproj としてバックアップされました。">
</Event><Event ErrorLevel="0" Project="QRCodeLib" Source="QRCodeLib.csproj.user" Description="プロジェクト ユーザー ファイルは正常に D:\Minami\Tips\QR Code\QRCode\QRCode\QRCodeLib\Backup\QRCodeLib.csproj.user としてバックアップされました。">
</Event><Event ErrorLevel="0" Project="QRCodeLib" Source="AssemblyInfo.cs" Description="ファイルは正常に D:\Minami\Tips\QR Code\QRCode\QRCode\QRCodeLib\Backup\AssemblyInfo.cs としてバックアップされました。">
</Event><Event ErrorLevel="0" Project="QRCodeLib" Source="data\QRCodeBitmapImage.cs" Description="ファイルは正常に D:\Minami\Tips\QR Code\QRCode\QRCode\QRCodeLib\Backup\data\QRCodeBitmapImage.cs としてバックアップされました。">
</Event><Event ErrorLevel="0" Project="QRCodeLib" Source="data\QRCodeImage.cs" Description="ファイルは正常に D:\Minami\Tips\QR Code\QRCode\QRCode\QRCodeLib\Backup\data\QRCodeImage.cs としてバックアップされました。">
</Event><Event ErrorLevel="0" Project="QRCodeLib" Source="data\QRCodeSymbol.cs" Description="ファイルは正常に D:\Minami\Tips\QR Code\QRCode\QRCode\QRCodeLib\Backup\data\QRCodeSymbol.cs としてバックアップされました。">
</Event><Event ErrorLevel="0" Project="QRCodeLib" Source="ecc\BCH15_5.cs" Description="ファイルは正常に D:\Minami\Tips\QR Code\QRCode\QRCode\QRCodeLib\Backup\ecc\BCH15_5.cs としてバックアップされました。">
</Event><Event ErrorLevel="0" Project="QRCodeLib" Source="ecc\ReedSolomon.cs" Description="ファイルは正常に D:\Minami\Tips\QR Code\QRCode\QRCode\QRCodeLib\Backup\ecc\ReedSolomon.cs としてバックアップされました。">
</Event><Event ErrorLevel="0" Project="QRCodeLib" Source="exception\AlignmentPatternNotFoundException.cs" Description="ファイルは正常に D:\Minami\Tips\QR Code\QRCode\QRCode\QRCodeLib\Backup\exception\AlignmentPatternNotFoundException.cs としてバックアップされました。">
</Event><Event ErrorLevel="0" Project="QRCodeLib" Source="exception\DecodingFailedException.cs" Description="ファイルは正常に D:\Minami\Tips\QR Code\QRCode\QRCode\QRCodeLib\Backup\exception\DecodingFailedException.cs としてバックアップされました。">
</Event><Event ErrorLevel="0" Project="QRCodeLib" Source="exception\FinderPatternNotFoundException.cs" Description="ファイルは正常に D:\Minami\Tips\QR Code\QRCode\QRCode\QRCodeLib\Backup\exception\FinderPatternNotFoundException.cs としてバックアップされました。">
</Event><Event ErrorLevel="0" Project="QRCodeLib" Source="exception\InvalidDataBlockException.cs" Description="ファイルは正常に D:\Minami\Tips\QR Code\QRCode\QRCode\QRCodeLib\Backup\exception\InvalidDataBlockException.cs としてバックアップされました。">
</Event><Event ErrorLevel="0" Project="QRCodeLib" Source="exception\InvalidVersionException.cs" Description="ファイルは正常に D:\Minami\Tips\QR Code\QRCode\QRCode\QRCodeLib\Backup\exception\InvalidVersionException.cs としてバックアップされました。">
</Event><Event ErrorLevel="0" Project="QRCodeLib" Source="exception\InvalidVersionInfoException.cs" Description="ファイルは正常に D:\Minami\Tips\QR Code\QRCode\QRCode\QRCodeLib\Backup\exception\InvalidVersionInfoException.cs としてバックアップされました。">
</Event><Event ErrorLevel="0" Project="QRCodeLib" Source="exception\SymbolNotFoundException.cs" Description="ファイルは正常に D:\Minami\Tips\QR Code\QRCode\QRCode\QRCodeLib\Backup\exception\SymbolNotFoundException.cs としてバックアップされました。">
</Event><Event ErrorLevel="0" Project="QRCodeLib" Source="exception\VersionInformationException.cs" Description="ファイルは正常に D:\Minami\Tips\QR Code\QRCode\QRCode\QRCodeLib\Backup\exception\VersionInformationException.cs としてバックアップされました。">
</Event><Event ErrorLevel="0" Project="QRCodeLib" Source="geom\Axis.cs" Description="ファイルは正常に D:\Minami\Tips\QR Code\QRCode\QRCode\QRCodeLib\Backup\geom\Axis.cs としてバックアップされました。">
</Event><Event ErrorLevel="0" Project="QRCodeLib" Source="geom\Line.cs" Description="ファイルは正常に D:\Minami\Tips\QR Code\QRCode\QRCode\QRCodeLib\Backup\geom\Line.cs としてバックアップされました。">
</Event><Event ErrorLevel="0" Project="QRCodeLib" Source="geom\Point.cs" Description="ファイルは正常に D:\Minami\Tips\QR Code\QRCode\QRCode\QRCodeLib\Backup\geom\Point.cs としてバックアップされました。">
</Event><Event ErrorLevel="0" Project="QRCodeLib" Source="geom\SamplingGrid.cs" Description="ファイルは正常に D:\Minami\Tips\QR Code\QRCode\QRCode\QRCodeLib\Backup\geom\SamplingGrid.cs としてバックアップされました。">
</Event><Event ErrorLevel="0" Project="QRCodeLib" Source="Properties\Resources.Designer.cs" Description="ファイルは正常に D:\Minami\Tips\QR Code\QRCode\QRCode\QRCodeLib\Backup\Properties\Resources.Designer.cs としてバックアップされました。">
</Event><Event ErrorLevel="0" Project="QRCodeLib" Source="QRCodeDecoder.cs" Description="ファイルは正常に D:\Minami\Tips\QR Code\QRCode\QRCode\QRCodeLib\Backup\QRCodeDecoder.cs としてバックアップされました。">
</Event><Event ErrorLevel="0" Project="QRCodeLib" Source="QRCodeEncoder.cs" Description="ファイルは正常に D:\Minami\Tips\QR Code\QRCode\QRCode\QRCodeLib\Backup\QRCodeEncoder.cs としてバックアップされました。">
</Event><Event ErrorLevel="0" Project="QRCodeLib" Source="reader\pattern\AlignmentPattern.cs" Description="ファイルは正常に D:\Minami\Tips\QR Code\QRCode\QRCode\QRCodeLib\Backup\reader\pattern\AlignmentPattern.cs としてバックアップされました。">
</Event><Event ErrorLevel="0" Project="QRCodeLib" Source="reader\pattern\FinderPattern.cs" Description="ファイルは正常に D:\Minami\Tips\QR Code\QRCode\QRCode\QRCodeLib\Backup\reader\pattern\FinderPattern.cs としてバックアップされました。">
</Event><Event ErrorLevel="0" Project="QRCodeLib" Source="reader\pattern\LogicalSeed.cs" Description="ファイルは正常に D:\Minami\Tips\QR Code\QRCode\QRCode\QRCodeLib\Backup\reader\pattern\LogicalSeed.cs としてバックアップされました。">
</Event><Event ErrorLevel="0" Project="QRCodeLib" Source="reader\QRCodeDataBlockReader.cs" Description="ファイルは正常に D:\Minami\Tips\QR Code\QRCode\QRCode\QRCodeLib\Backup\reader\QRCodeDataBlockReader.cs としてバックアップされました。">
</Event><Event ErrorLevel="0" Project="QRCodeLib" Source="reader\QRCodeImageReader.cs" Description="ファイルは正常に D:\Minami\Tips\QR Code\QRCode\QRCode\QRCodeLib\Backup\reader\QRCodeImageReader.cs としてバックアップされました。">
</Event><Event ErrorLevel="0" Project="QRCodeLib" Source="util\ConsoleCanvas.cs" Description="ファイルは正常に D:\Minami\Tips\QR Code\QRCode\QRCode\QRCodeLib\Backup\util\ConsoleCanvas.cs としてバックアップされました。">
</Event><Event ErrorLevel="0" Project="QRCodeLib" Source="util\SystemUtils.cs" Description="ファイルは正常に D:\Minami\Tips\QR Code\QRCode\QRCode\QRCodeLib\Backup\util\SystemUtils.cs としてバックアップされました。">
</Event><Event ErrorLevel="0" Project="QRCodeLib" Source="util\Color.cs" Description="ファイルは正常に D:\Minami\Tips\QR Code\QRCode\QRCode\QRCodeLib\Backup\util\Color.cs としてバックアップされました。">
</Event><Event ErrorLevel="0" Project="QRCodeLib" Source="util\ContentConverter.cs" Description="ファイルは正常に D:\Minami\Tips\QR Code\QRCode\QRCode\QRCodeLib\Backup\util\ContentConverter.cs としてバックアップされました。">
</Event><Event ErrorLevel="0" Project="QRCodeLib" Source="util\DebugCanvas.cs" Description="ファイルは正常に D:\Minami\Tips\QR Code\QRCode\QRCode\QRCodeLib\Backup\util\DebugCanvas.cs としてバックアップされました。">
</Event><Event ErrorLevel="0" Project="QRCodeLib" Source="util\DebugCanvasAdapter.cs" Description="ファイルは正常に D:\Minami\Tips\QR Code\QRCode\QRCode\QRCodeLib\Backup\util\DebugCanvasAdapter.cs としてバックアップされました。">
</Event><Event ErrorLevel="0" Project="QRCodeLib" Source="util\QRCodeUtility.cs" Description="ファイルは正常に D:\Minami\Tips\QR Code\QRCode\QRCode\QRCodeLib\Backup\util\QRCodeUtility.cs としてバックアップされました。">
</Event><Event ErrorLevel="0" Project="QRCodeLib" Source="Resources\qrv10_0.dat" Description="ファイルは正常に D:\Minami\Tips\QR Code\QRCode\QRCode\QRCodeLib\Backup\Resources\qrv10_0.dat としてバックアップされました。">
</Event><Event ErrorLevel="0" Project="QRCodeLib" Source="Resources\qrv10_1.dat" Description="ファイルは正常に D:\Minami\Tips\QR Code\QRCode\QRCode\QRCodeLib\Backup\Resources\qrv10_1.dat としてバックアップされました。">
</Event><Event ErrorLevel="0" Project="QRCodeLib" Source="Resources\qrv10_2.dat" Description="ファイルは正常に D:\Minami\Tips\QR Code\QRCode\QRCode\QRCodeLib\Backup\Resources\qrv10_2.dat としてバックアップされました。">
</Event><Event ErrorLevel="0" Project="QRCodeLib" Source="Resources\qrv10_3.dat" Description="ファイルは正常に D:\Minami\Tips\QR Code\QRCode\QRCode\QRCodeLib\Backup\Resources\qrv10_3.dat としてバックアップされました。">
</Event><Event ErrorLevel="0" Project="QRCodeLib" Source="Resources\qrv11_0.dat" Description="ファイルは正常に D:\Minami\Tips\QR Code\QRCode\QRCode\QRCodeLib\Backup\Resources\qrv11_0.dat としてバックアップされました。">
</Event><Event ErrorLevel="0" Project="QRCodeLib" Source="Resources\qrv11_1.dat" Description="ファイルは正常に D:\Minami\Tips\QR Code\QRCode\QRCode\QRCodeLib\Backup\Resources\qrv11_1.dat としてバックアップされました。">
</Event><Event ErrorLevel="0" Project="QRCodeLib" Source="Resources\qrv11_2.dat" Description="ファイルは正常に D:\Minami\Tips\QR Code\QRCode\QRCode\QRCodeLib\Backup\Resources\qrv11_2.dat としてバックアップされました。">
</Event><Event ErrorLevel="0" Project="QRCodeLib" Source="Resources\qrv11_3.dat" Description="ファイルは正常に D:\Minami\Tips\QR Code\QRCode\QRCode\QRCodeLib\Backup\Resources\qrv11_3.dat としてバックアップされました。">
</Event><Event ErrorLevel="0" Project="QRCodeLib" Source="Resources\qrv12_0.dat" Description="ファイルは正常に D:\Minami\Tips\QR Code\QRCode\QRCode\QRCodeLib\Backup\Resources\qrv12_0.dat としてバックアップされました。">
</Event><Event ErrorLevel="0" Project="QRCodeLib" Source="Resources\qrv12_1.dat" Description="ファイルは正常に D:\Minami\Tips\QR Code\QRCode\QRCode\QRCodeLib\Backup\Resources\qrv12_1.dat としてバックアップされました。">
</Event><Event ErrorLevel="0" Project="QRCodeLib" Source="Resources\qrv12_2.dat" Description="ファイルは正常に D:\Minami\Tips\QR Code\QRCode\QRCode\QRCodeLib\Backup\Resources\qrv12_2.dat としてバックアップされました。">
</Event><Event ErrorLevel="0" Project="QRCodeLib" Source="Resources\qrv12_3.dat" Description="ファイルは正常に D:\Minami\Tips\QR Code\QRCode\QRCode\QRCodeLib\Backup\Resources\qrv12_3.dat としてバックアップされました。">
</Event><Event ErrorLevel="0" Project="QRCodeLib" Source="Resources\qrv13_0.dat" Description="ファイルは正常に D:\Minami\Tips\QR Code\QRCode\QRCode\QRCodeLib\Backup\Resources\qrv13_0.dat としてバックアップされました。">
</Event><Event ErrorLevel="0" Project="QRCodeLib" Source="Resources\qrv13_1.dat" Description="ファイルは正常に D:\Minami\Tips\QR Code\QRCode\QRCode\QRCodeLib\Backup\Resources\qrv13_1.dat としてバックアップされました。">
</Event><Event ErrorLevel="0" Project="QRCodeLib" Source="Resources\qrv13_2.dat" Description="ファイルは正常に D:\Minami\Tips\QR Code\QRCode\QRCode\QRCodeLib\Backup\Resources\qrv13_2.dat としてバックアップされました。">
</Event><Event ErrorLevel="0" Project="QRCodeLib" Source="Resources\qrv13_3.dat" Description="ファイルは正常に D:\Minami\Tips\QR Code\QRCode\QRCode\QRCodeLib\Backup\Resources\qrv13_3.dat としてバックアップされました。">
</Event><Event ErrorLevel="0" Project="QRCodeLib" Source="Resources\qrv14_0.dat" Description="ファイルは正常に D:\Minami\Tips\QR Code\QRCode\QRCode\QRCodeLib\Backup\Resources\qrv14_0.dat としてバックアップされました。">
</Event><Event ErrorLevel="0" Project="QRCodeLib" Source="Resources\qrv14_1.dat" Description="ファイルは正常に D:\Minami\Tips\QR Code\QRCode\QRCode\QRCodeLib\Backup\Resources\qrv14_1.dat としてバックアップされました。">
</Event><Event ErrorLevel="0" Project="QRCodeLib" Source="Resources\qrv14_2.dat" Description="ファイルは正常に D:\Minami\Tips\QR Code\QRCode\QRCode\QRCodeLib\Backup\Resources\qrv14_2.dat としてバックアップされました。">
</Event><Event ErrorLevel="0" Project="QRCodeLib" Source="Resources\qrv14_3.dat" Description="ファイルは正常に D:\Minami\Tips\QR Code\QRCode\QRCode\QRCodeLib\Backup\Resources\qrv14_3.dat としてバックアップされました。">
</Event><Event ErrorLevel="0" Project="QRCodeLib" Source="Resources\qrv15_0.dat" Description="ファイルは正常に D:\Minami\Tips\QR Code\QRCode\QRCode\QRCodeLib\Backup\Resources\qrv15_0.dat としてバックアップされました。">
</Event><Event ErrorLevel="0" Project="QRCodeLib" Source="Resources\qrv15_1.dat" Description="ファイルは正常に D:\Minami\Tips\QR Code\QRCode\QRCode\QRCodeLib\Backup\Resources\qrv15_1.dat としてバックアップされました。">
</Event><Event ErrorLevel="0" Project="QRCodeLib" Source="Resources\qrv15_2.dat" Description="ファイルは正常に D:\Minami\Tips\QR Code\QRCode\QRCode\QRCodeLib\Backup\Resources\qrv15_2.dat としてバックアップされました。">
</Event><Event ErrorLevel="0" Project="QRCodeLib" Source="Resources\qrv15_3.dat" Description="ファイルは正常に D:\Minami\Tips\QR Code\QRCode\QRCode\QRCodeLib\Backup\Resources\qrv15_3.dat としてバックアップされました。">
</Event><Event ErrorLevel="0" Project="QRCodeLib" Source="Resources\qrv16_0.dat" Description="ファイルは正常に D:\Minami\Tips\QR Code\QRCode\QRCode\QRCodeLib\Backup\Resources\qrv16_0.dat としてバックアップされました。">
</Event><Event ErrorLevel="0" Project="QRCodeLib" Source="Resources\qrv16_1.dat" Description="ファイルは正常に D:\Minami\Tips\QR Code\QRCode\QRCode\QRCodeLib\Backup\Resources\qrv16_1.dat としてバックアップされました。">
</Event><Event ErrorLevel="0" Project="QRCodeLib" Source="Resources\qrv16_2.dat" Description="ファイルは正常に D:\Minami\Tips\QR Code\QRCode\QRCode\QRCodeLib\Backup\Resources\qrv16_2.dat としてバックアップされました。">
</Event><Event ErrorLevel="0" Project="QRCodeLib" Source="Resources\qrv16_3.dat" Description="ファイルは正常に D:\Minami\Tips\QR Code\QRCode\QRCode\QRCodeLib\Backup\Resources\qrv16_3.dat としてバックアップされました。">
</Event><Event ErrorLevel="0" Project="QRCodeLib" Source="Resources\qrv17_0.dat" Description="ファイルは正常に D:\Minami\Tips\QR Code\QRCode\QRCode\QRCodeLib\Backup\Resources\qrv17_0.dat としてバックアップされました。">
</Event><Event ErrorLevel="0" Project="QRCodeLib" Source="Resources\qrv17_1.dat" Description="ファイルは正常に D:\Minami\Tips\QR Code\QRCode\QRCode\QRCodeLib\Backup\Resources\qrv17_1.dat としてバックアップされました。">
</Event><Event ErrorLevel="0" Project="QRCodeLib" Source="Resources\qrv17_2.dat" Description="ファイルは正常に D:\Minami\Tips\QR Code\QRCode\QRCode\QRCodeLib\Backup\Resources\qrv17_2.dat としてバックアップされました。">
</Event><Event ErrorLevel="0" Project="QRCodeLib" Source="Resources\qrv17_3.dat" Description="ファイルは正常に D:\Minami\Tips\QR Code\QRCode\QRCode\QRCodeLib\Backup\Resources\qrv17_3.dat としてバックアップされました。">
</Event><Event ErrorLevel="0" Project="QRCodeLib" Source="Resources\qrv18_0.dat" Description="ファイルは正常に D:\Minami\Tips\QR Code\QRCode\QRCode\QRCodeLib\Backup\Resources\qrv18_0.dat としてバックアップされました。">
</Event><Event ErrorLevel="0" Project="QRCodeLib" Source="Resources\qrv18_1.dat" Description="ファイルは正常に D:\Minami\Tips\QR Code\QRCode\QRCode\QRCodeLib\Backup\Resources\qrv18_1.dat としてバックアップされました。">
</Event><Event ErrorLevel="0" Project="QRCodeLib" Source="Resources\qrv18_2.dat" Description="ファイルは正常に D:\Minami\Tips\QR Code\QRCode\QRCode\QRCodeLib\Backup\Resources\qrv18_2.dat としてバックアップされました。">
</Event><Event ErrorLevel="0" Project="QRCodeLib" Source="Resources\qrv18_3.dat" Description="ファイルは正常に D:\Minami\Tips\QR Code\QRCode\QRCode\QRCodeLib\Backup\Resources\qrv18_3.dat としてバックアップされました。">
</Event><Event ErrorLevel="0" Project="QRCodeLib" Source="Resources\qrv19_0.dat" Description="ファイルは正常に D:\Minami\Tips\QR Code\QRCode\QRCode\QRCodeLib\Backup\Resources\qrv19_0.dat としてバックアップされました。">
</Event><Event ErrorLevel="0" Project="QRCodeLib" Source="Resources\qrv19_1.dat" Description="ファイルは正常に D:\Minami\Tips\QR Code\QRCode\QRCode\QRCodeLib\Backup\Resources\qrv19_1.dat としてバックアップされました。">
</Event><Event ErrorLevel="0" Project="QRCodeLib" Source="Resources\qrv19_2.dat" Description="ファイルは正常に D:\Minami\Tips\QR Code\QRCode\QRCode\QRCodeLib\Backup\Resources\qrv19_2.dat としてバックアップされました。">
</Event><Event ErrorLevel="0" Project="QRCodeLib" Source="Resources\qrv19_3.dat" Description="ファイルは正常に D:\Minami\Tips\QR Code\QRCode\QRCode\QRCodeLib\Backup\Resources\qrv19_3.dat としてバックアップされました。">
</Event><Event ErrorLevel="0" Project="QRCodeLib" Source="Resources\qrv1_0.dat" Description="ファイルは正常に D:\Minami\Tips\QR Code\QRCode\QRCode\QRCodeLib\Backup\Resources\qrv1_0.dat としてバックアップされました。">
</Event><Event ErrorLevel="0" Project="QRCodeLib" Source="Resources\qrv1_1.dat" Description="ファイルは正常に D:\Minami\Tips\QR Code\QRCode\QRCode\QRCodeLib\Backup\Resources\qrv1_1.dat としてバックアップされました。">
</Event><Event ErrorLevel="0" Project="QRCodeLib" Source="Resources\qrv1_2.dat" Description="ファイルは正常に D:\Minami\Tips\QR Code\QRCode\QRCode\QRCodeLib\Backup\Resources\qrv1_2.dat としてバックアップされました。">
</Event><Event ErrorLevel="0" Project="QRCodeLib" Source="Resources\qrv1_3.dat" Description="ファイルは正常に D:\Minami\Tips\QR Code\QRCode\QRCode\QRCodeLib\Backup\Resources\qrv1_3.dat としてバックアップされました。">
</Event><Event ErrorLevel="0" Project="QRCodeLib" Source="Resources\qrv20_0.dat" Description="ファイルは正常に D:\Minami\Tips\QR Code\QRCode\QRCode\QRCodeLib\Backup\Resources\qrv20_0.dat としてバックアップされました。">
</Event><Event ErrorLevel="0" Project="QRCodeLib" Source="Resources\qrv20_1.dat" Description="ファイルは正常に D:\Minami\Tips\QR Code\QRCode\QRCode\QRCodeLib\Backup\Resources\qrv20_1.dat としてバックアップされました。">
</Event><Event ErrorLevel="0" Project="QRCodeLib" Source="Resources\qrv20_2.dat" Description="ファイルは正常に D:\Minami\Tips\QR Code\QRCode\QRCode\QRCodeLib\Backup\Resources\qrv20_2.dat としてバックアップされました。">
</Event><Event ErrorLevel="0" Project="QRCodeLib" Source="Resources\qrv20_3.dat" Description="ファイルは正常に D:\Minami\Tips\QR Code\QRCode\QRCode\QRCodeLib\Backup\Resources\qrv20_3.dat としてバックアップされました。">
</Event><Event ErrorLevel="0" Project="QRCodeLib" Source="Resources\qrv21_0.dat" Description="ファイルは正常に D:\Minami\Tips\QR Code\QRCode\QRCode\QRCodeLib\Backup\Resources\qrv21_0.dat としてバックアップされました。">
</Event><Event ErrorLevel="0" Project="QRCodeLib" Source="Resources\qrv21_1.dat" Description="ファイルは正常に D:\Minami\Tips\QR Code\QRCode\QRCode\QRCodeLib\Backup\Resources\qrv21_1.dat としてバックアップされました。">
</Event><Event ErrorLevel="0" Project="QRCodeLib" Source="Resources\qrv21_2.dat" Description="ファイルは正常に D:\Minami\Tips\QR Code\QRCode\QRCode\QRCodeLib\Backup\Resources\qrv21_2.dat としてバックアップされました。">
</Event><Event ErrorLevel="0" Project="QRCodeLib" Source="Resources\qrv21_3.dat" Description="ファイルは正常に D:\Minami\Tips\QR Code\QRCode\QRCode\QRCodeLib\Backup\Resources\qrv21_3.dat としてバックアップされました。">
</Event><Event ErrorLevel="0" Project="QRCodeLib" Source="Resources\qrv22_0.dat" Description="ファイルは正常に D:\Minami\Tips\QR Code\QRCode\QRCode\QRCodeLib\Backup\Resources\qrv22_0.dat としてバックアップされました。">
</Event><Event ErrorLevel="0" Project="QRCodeLib" Source="Resources\qrv22_1.dat" Description="ファイルは正常に D:\Minami\Tips\QR Code\QRCode\QRCode\QRCodeLib\Backup\Resources\qrv22_1.dat としてバックアップされました。">
</Event><Event ErrorLevel="0" Project="QRCodeLib" Source="Resources\qrv22_2.dat" Description="ファイルは正常に D:\Minami\Tips\QR Code\QRCode\QRCode\QRCodeLib\Backup\Resources\qrv22_2.dat としてバックアップされました。">
</Event><Event ErrorLevel="0" Project="QRCodeLib" Source="Resources\qrv22_3.dat" Description="ファイルは正常に D:\Minami\Tips\QR Code\QRCode\QRCode\QRCodeLib\Backup\Resources\qrv22_3.dat としてバックアップされました。">
</Event><Event ErrorLevel="0" Project="QRCodeLib" Source="Resources\qrv23_0.dat" Description="ファイルは正常に D:\Minami\Tips\QR Code\QRCode\QRCode\QRCodeLib\Backup\Resources\qrv23_0.dat としてバックアップされました。">
</Event><Event ErrorLevel="0" Project="QRCodeLib" Source="Resources\qrv23_1.dat" Description="ファイルは正常に D:\Minami\Tips\QR Code\QRCode\QRCode\QRCodeLib\Backup\Resources\qrv23_1.dat としてバックアップされました。">
</Event><Event ErrorLevel="0" Project="QRCodeLib" Source="Resources\qrv23_2.dat" Description="ファイルは正常に D:\Minami\Tips\QR Code\QRCode\QRCode\QRCodeLib\Backup\Resources\qrv23_2.dat としてバックアップされました。">
</Event><Event ErrorLevel="0" Project="QRCodeLib" Source="Resources\qrv23_3.dat" Description="ファイルは正常に D:\Minami\Tips\QR Code\QRCode\QRCode\QRCodeLib\Backup\Resources\qrv23_3.dat としてバックアップされました。">
</Event><Event ErrorLevel="0" Project="QRCodeLib" Source="Resources\qrv24_0.dat" Description="ファイルは正常に D:\Minami\Tips\QR Code\QRCode\QRCode\QRCodeLib\Backup\Resources\qrv24_0.dat としてバックアップされました。">
</Event><Event ErrorLevel="0" Project="QRCodeLib" Source="Resources\qrv24_1.dat" Description="ファイルは正常に D:\Minami\Tips\QR Code\QRCode\QRCode\QRCodeLib\Backup\Resources\qrv24_1.dat としてバックアップされました。">
</Event><Event ErrorLevel="0" Project="QRCodeLib" Source="Resources\qrv24_2.dat" Description="ファイルは正常に D:\Minami\Tips\QR Code\QRCode\QRCode\QRCodeLib\Backup\Resources\qrv24_2.dat としてバックアップされました。">
</Event><Event ErrorLevel="0" Project="QRCodeLib" Source="Resources\qrv24_3.dat" Description="ファイルは正常に D:\Minami\Tips\QR Code\QRCode\QRCode\QRCodeLib\Backup\Resources\qrv24_3.dat としてバックアップされました。">
</Event><Event ErrorLevel="0" Project="QRCodeLib" Source="Resources\qrv25_0.dat" Description="ファイルは正常に D:\Minami\Tips\QR Code\QRCode\QRCode\QRCodeLib\Backup\Resources\qrv25_0.dat としてバックアップされました。">
</Event><Event ErrorLevel="0" Project="QRCodeLib" Source="Resources\qrv25_1.dat" Description="ファイルは正常に D:\Minami\Tips\QR Code\QRCode\QRCode\QRCodeLib\Backup\Resources\qrv25_1.dat としてバックアップされました。">
</Event><Event ErrorLevel="0" Project="QRCodeLib" Source="Resources\qrv25_2.dat" Description="ファイルは正常に D:\Minami\Tips\QR Code\QRCode\QRCode\QRCodeLib\Backup\Resources\qrv25_2.dat としてバックアップされました。">
</Event><Event ErrorLevel="0" Project="QRCodeLib" Source="Resources\qrv25_3.dat" Description="ファイルは正常に D:\Minami\Tips\QR Code\QRCode\QRCode\QRCodeLib\Backup\Resources\qrv25_3.dat としてバックアップされました。">
</Event><Event ErrorLevel="0" Project="QRCodeLib" Source="Resources\qrv26_0.dat" Description="ファイルは正常に D:\Minami\Tips\QR Code\QRCode\QRCode\QRCodeLib\Backup\Resources\qrv26_0.dat としてバックアップされました。">
</Event><Event ErrorLevel="0" Project="QRCodeLib" Source="Resources\qrv26_1.dat" Description="ファイルは正常に D:\Minami\Tips\QR Code\QRCode\QRCode\QRCodeLib\Backup\Resources\qrv26_1.dat としてバックアップされました。">
</Event><Event ErrorLevel="0" Project="QRCodeLib" Source="Resources\qrv26_2.dat" Description="ファイルは正常に D:\Minami\Tips\QR Code\QRCode\QRCode\QRCodeLib\Backup\Resources\qrv26_2.dat としてバックアップされました。">
</Event><Event ErrorLevel="0" Project="QRCodeLib" Source="Resources\qrv26_3.dat" Description="ファイルは正常に D:\Minami\Tips\QR Code\QRCode\QRCode\QRCodeLib\Backup\Resources\qrv26_3.dat としてバックアップされました。">
</Event><Event ErrorLevel="0" Project="QRCodeLib" Source="Resources\qrv27_0.dat" Description="ファイルは正常に D:\Minami\Tips\QR Code\QRCode\QRCode\QRCodeLib\Backup\Resources\qrv27_0.dat としてバックアップされました。">
</Event><Event ErrorLevel="0" Project="QRCodeLib" Source="Resources\qrv27_1.dat" Description="ファイルは正常に D:\Minami\Tips\QR Code\QRCode\QRCode\QRCodeLib\Backup\Resources\qrv27_1.dat としてバックアップされました。">
</Event><Event ErrorLevel="0" Project="QRCodeLib" Source="Resources\qrv27_2.dat" Description="ファイルは正常に D:\Minami\Tips\QR Code\QRCode\QRCode\QRCodeLib\Backup\Resources\qrv27_2.dat としてバックアップされました。">
</Event><Event ErrorLevel="0" Project="QRCodeLib" Source="Resources\qrv27_3.dat" Description="ファイルは正常に D:\Minami\Tips\QR Code\QRCode\QRCode\QRCodeLib\Backup\Resources\qrv27_3.dat としてバックアップされました。">
</Event><Event ErrorLevel="0" Project="QRCodeLib" Source="Resources\qrv28_0.dat" Description="ファイルは正常に D:\Minami\Tips\QR Code\QRCode\QRCode\QRCodeLib\Backup\Resources\qrv28_0.dat としてバックアップされました。">
</Event><Event ErrorLevel="0" Project="QRCodeLib" Source="Resources\qrv28_1.dat" Description="ファイルは正常に D:\Minami\Tips\QR Code\QRCode\QRCode\QRCodeLib\Backup\Resources\qrv28_1.dat としてバックアップされました。">
</Event><Event ErrorLevel="0" Project="QRCodeLib" Source="Resources\qrv28_2.dat" Description="ファイルは正常に D:\Minami\Tips\QR Code\QRCode\QRCode\QRCodeLib\Backup\Resources\qrv28_2.dat としてバックアップされました。">
</Event><Event ErrorLevel="0" Project="QRCodeLib" Source="Resources\qrv28_3.dat" Description="ファイルは正常に D:\Minami\Tips\QR Code\QRCode\QRCode\QRCodeLib\Backup\Resources\qrv28_3.dat としてバックアップされました。">
</Event><Event ErrorLevel="0" Project="QRCodeLib" Source="Resources\qrv29_0.dat" Description="ファイルは正常に D:\Minami\Tips\QR Code\QRCode\QRCode\QRCodeLib\Backup\Resources\qrv29_0.dat としてバックアップされました。">
</Event><Event ErrorLevel="0" Project="QRCodeLib" Source="Resources\qrv29_1.dat" Description="ファイルは正常に D:\Minami\Tips\QR Code\QRCode\QRCode\QRCodeLib\Backup\Resources\qrv29_1.dat としてバックアップされました。">
</Event><Event ErrorLevel="0" Project="QRCodeLib" Source="Resources\qrv29_2.dat" Description="ファイルは正常に D:\Minami\Tips\QR Code\QRCode\QRCode\QRCodeLib\Backup\Resources\qrv29_2.dat としてバックアップされました。">
</Event><Event ErrorLevel="0" Project="QRCodeLib" Source="Resources\qrv29_3.dat" Description="ファイルは正常に D:\Minami\Tips\QR Code\QRCode\QRCode\QRCodeLib\Backup\Resources\qrv29_3.dat としてバックアップされました。">
</Event><Event ErrorLevel="0" Project="QRCodeLib" Source="Resources\qrv2_0.dat" Description="ファイルは正常に D:\Minami\Tips\QR Code\QRCode\QRCode\QRCodeLib\Backup\Resources\qrv2_0.dat としてバックアップされました。">
</Event><Event ErrorLevel="0" Project="QRCodeLib" Source="Resources\qrv2_1.dat" Description="ファイルは正常に D:\Minami\Tips\QR Code\QRCode\QRCode\QRCodeLib\Backup\Resources\qrv2_1.dat としてバックアップされました。">
</Event><Event ErrorLevel="0" Project="QRCodeLib" Source="Resources\qrv2_2.dat" Description="ファイルは正常に D:\Minami\Tips\QR Code\QRCode\QRCode\QRCodeLib\Backup\Resources\qrv2_2.dat としてバックアップされました。">
</Event><Event ErrorLevel="0" Project="QRCodeLib" Source="Resources\qrv2_3.dat" Description="ファイルは正常に D:\Minami\Tips\QR Code\QRCode\QRCode\QRCodeLib\Backup\Resources\qrv2_3.dat としてバックアップされました。">
</Event><Event ErrorLevel="0" Project="QRCodeLib" Source="Resources\qrv30_0.dat" Description="ファイルは正常に D:\Minami\Tips\QR Code\QRCode\QRCode\QRCodeLib\Backup\Resources\qrv30_0.dat としてバックアップされました。">
</Event><Event ErrorLevel="0" Project="QRCodeLib" Source="Resources\qrv30_1.dat" Description="ファイルは正常に D:\Minami\Tips\QR Code\QRCode\QRCode\QRCodeLib\Backup\Resources\qrv30_1.dat としてバックアップされました。">
</Event><Event ErrorLevel="0" Project="QRCodeLib" Source="Resources\qrv30_2.dat" Description="ファイルは正常に D:\Minami\Tips\QR Code\QRCode\QRCode\QRCodeLib\Backup\Resources\qrv30_2.dat としてバックアップされました。">
</Event><Event ErrorLevel="0" Project="QRCodeLib" Source="Resources\qrv30_3.dat" Description="ファイルは正常に D:\Minami\Tips\QR Code\QRCode\QRCode\QRCodeLib\Backup\Resources\qrv30_3.dat としてバックアップされました。">
</Event><Event ErrorLevel="0" Project="QRCodeLib" Source="Resources\qrv31_0.dat" Description="ファイルは正常に D:\Minami\Tips\QR Code\QRCode\QRCode\QRCodeLib\Backup\Resources\qrv31_0.dat としてバックアップされました。">
</Event><Event ErrorLevel="0" Project="QRCodeLib" Source="Resources\qrv31_1.dat" Description="ファイルは正常に D:\Minami\Tips\QR Code\QRCode\QRCode\QRCodeLib\Backup\Resources\qrv31_1.dat としてバックアップされました。">
</Event><Event ErrorLevel="0" Project="QRCodeLib" Source="Resources\qrv31_2.dat" Description="ファイルは正常に D:\Minami\Tips\QR Code\QRCode\QRCode\QRCodeLib\Backup\Resources\qrv31_2.dat としてバックアップされました。">
</Event><Event ErrorLevel="0" Project="QRCodeLib" Source="Resources\qrv31_3.dat" Description="ファイルは正常に D:\Minami\Tips\QR Code\QRCode\QRCode\QRCodeLib\Backup\Resources\qrv31_3.dat としてバックアップされました。">
</Event><Event ErrorLevel="0" Project="QRCodeLib" Source="Resources\qrv32_0.dat" Description="ファイルは正常に D:\Minami\Tips\QR Code\QRCode\QRCode\QRCodeLib\Backup\Resources\qrv32_0.dat としてバックアップされました。">
</Event><Event ErrorLevel="0" Project="QRCodeLib" Source="Resources\qrv32_1.dat" Description="ファイルは正常に D:\Minami\Tips\QR Code\QRCode\QRCode\QRCodeLib\Backup\Resources\qrv32_1.dat としてバックアップされました。">
</Event><Event ErrorLevel="0" Project="QRCodeLib" Source="Resources\qrv32_2.dat" Description="ファイルは正常に D:\Minami\Tips\QR Code\QRCode\QRCode\QRCodeLib\Backup\Resources\qrv32_2.dat としてバックアップされました。">
</Event><Event ErrorLevel="0" Project="QRCodeLib" Source="Resources\qrv32_3.dat" Description="ファイルは正常に D:\Minami\Tips\QR Code\QRCode\QRCode\QRCodeLib\Backup\Resources\qrv32_3.dat としてバックアップされました。">
</Event><Event ErrorLevel="0" Project="QRCodeLib" Source="Resources\qrv33_0.dat" Description="ファイルは正常に D:\Minami\Tips\QR Code\QRCode\QRCode\QRCodeLib\Backup\Resources\qrv33_0.dat としてバックアップされました。">
</Event><Event ErrorLevel="0" Project="QRCodeLib" Source="Resources\qrv33_1.dat" Description="ファイルは正常に D:\Minami\Tips\QR Code\QRCode\QRCode\QRCodeLib\Backup\Resources\qrv33_1.dat としてバックアップされました。">
</Event><Event ErrorLevel="0" Project="QRCodeLib" Source="Resources\qrv33_2.dat" Description="ファイルは正常に D:\Minami\Tips\QR Code\QRCode\QRCode\QRCodeLib\Backup\Resources\qrv33_2.dat としてバックアップされました。">
</Event><Event ErrorLevel="0" Project="QRCodeLib" Source="Resources\qrv33_3.dat" Description="ファイルは正常に D:\Minami\Tips\QR Code\QRCode\QRCode\QRCodeLib\Backup\Resources\qrv33_3.dat としてバックアップされました。">
</Event><Event ErrorLevel="0" Project="QRCodeLib" Source="Resources\qrv34_0.dat" Description="ファイルは正常に D:\Minami\Tips\QR Code\QRCode\QRCode\QRCodeLib\Backup\Resources\qrv34_0.dat としてバックアップされました。">
</Event><Event ErrorLevel="0" Project="QRCodeLib" Source="Resources\qrv34_1.dat" Description="ファイルは正常に D:\Minami\Tips\QR Code\QRCode\QRCode\QRCodeLib\Backup\Resources\qrv34_1.dat としてバックアップされました。">
</Event><Event ErrorLevel="0" Project="QRCodeLib" Source="Resources\qrv34_2.dat" Description="ファイルは正常に D:\Minami\Tips\QR Code\QRCode\QRCode\QRCodeLib\Backup\Resources\qrv34_2.dat としてバックアップされました。">
</Event><Event ErrorLevel="0" Project="QRCodeLib" Source="Resources\qrv34_3.dat" Description="ファイルは正常に D:\Minami\Tips\QR Code\QRCode\QRCode\QRCodeLib\Backup\Resources\qrv34_3.dat としてバックアップされました。">
</Event><Event ErrorLevel="0" Project="QRCodeLib" Source="Resources\qrv35_0.dat" Description="ファイルは正常に D:\Minami\Tips\QR Code\QRCode\QRCode\QRCodeLib\Backup\Resources\qrv35_0.dat としてバックアップされました。">
</Event><Event ErrorLevel="0" Project="QRCodeLib" Source="Resources\qrv35_1.dat" Description="ファイルは正常に D:\Minami\Tips\QR Code\QRCode\QRCode\QRCodeLib\Backup\Resources\qrv35_1.dat としてバックアップされました。">
</Event><Event ErrorLevel="0" Project="QRCodeLib" Source="Resources\qrv35_2.dat" Description="ファイルは正常に D:\Minami\Tips\QR Code\QRCode\QRCode\QRCodeLib\Backup\Resources\qrv35_2.dat としてバックアップされました。">
</Event><Event ErrorLevel="0" Project="QRCodeLib" Source="Resources\qrv35_3.dat" Description="ファイルは正常に D:\Minami\Tips\QR Code\QRCode\QRCode\QRCodeLib\Backup\Resources\qrv35_3.dat としてバックアップされました。">
</Event><Event ErrorLevel="0" Project="QRCodeLib" Source="Resources\qrv36_0.dat" Description="ファイルは正常に D:\Minami\Tips\QR Code\QRCode\QRCode\QRCodeLib\Backup\Resources\qrv36_0.dat としてバックアップされました。">
</Event><Event ErrorLevel="0" Project="QRCodeLib" Source="Resources\qrv36_1.dat" Description="ファイルは正常に D:\Minami\Tips\QR Code\QRCode\QRCode\QRCodeLib\Backup\Resources\qrv36_1.dat としてバックアップされました。">
</Event><Event ErrorLevel="0" Project="QRCodeLib" Source="Resources\qrv36_2.dat" Description="ファイルは正常に D:\Minami\Tips\QR Code\QRCode\QRCode\QRCodeLib\Backup\Resources\qrv36_2.dat としてバックアップされました。">
</Event><Event ErrorLevel="0" Project="QRCodeLib" Source="Resources\qrv36_3.dat" Description="ファイルは正常に D:\Minami\Tips\QR Code\QRCode\QRCode\QRCodeLib\Backup\Resources\qrv36_3.dat としてバックアップされました。">
</Event><Event ErrorLevel="0" Project="QRCodeLib" Source="Resources\qrv37_0.dat" Description="ファイルは正常に D:\Minami\Tips\QR Code\QRCode\QRCode\QRCodeLib\Backup\Resources\qrv37_0.dat としてバックアップされました。">
</Event><Event ErrorLevel="0" Project="QRCodeLib" Source="Resources\qrv37_1.dat" Description="ファイルは正常に D:\Minami\Tips\QR Code\QRCode\QRCode\QRCodeLib\Backup\Resources\qrv37_1.dat としてバックアップされました。">
</Event><Event ErrorLevel="0" Project="QRCodeLib" Source="Resources\qrv37_2.dat" Description="ファイルは正常に D:\Minami\Tips\QR Code\QRCode\QRCode\QRCodeLib\Backup\Resources\qrv37_2.dat としてバックアップされました。">
</Event><Event ErrorLevel="0" Project="QRCodeLib" Source="Resources\qrv37_3.dat" Description="ファイルは正常に D:\Minami\Tips\QR Code\QRCode\QRCode\QRCodeLib\Backup\Resources\qrv37_3.dat としてバックアップされました。">
</Event><Event ErrorLevel="0" Project="QRCodeLib" Source="Resources\qrv38_0.dat" Description="ファイルは正常に D:\Minami\Tips\QR Code\QRCode\QRCode\QRCodeLib\Backup\Resources\qrv38_0.dat としてバックアップされました。">
</Event><Event ErrorLevel="0" Project="QRCodeLib" Source="Resources\qrv38_1.dat" Description="ファイルは正常に D:\Minami\Tips\QR Code\QRCode\QRCode\QRCodeLib\Backup\Resources\qrv38_1.dat としてバックアップされました。">
</Event><Event ErrorLevel="0" Project="QRCodeLib" Source="Resources\qrv38_2.dat" Description="ファイルは正常に D:\Minami\Tips\QR Code\QRCode\QRCode\QRCodeLib\Backup\Resources\qrv38_2.dat としてバックアップされました。">
</Event><Event ErrorLevel="0" Project="QRCodeLib" Source="Resources\qrv38_3.dat" Description="ファイルは正常に D:\Minami\Tips\QR Code\QRCode\QRCode\QRCodeLib\Backup\Resources\qrv38_3.dat としてバックアップされました。">
</Event><Event ErrorLevel="0" Project="QRCodeLib" Source="Resources\qrv39_0.dat" Description="ファイルは正常に D:\Minami\Tips\QR Code\QRCode\QRCode\QRCodeLib\Backup\Resources\qrv39_0.dat としてバックアップされました。">
</Event><Event ErrorLevel="0" Project="QRCodeLib" Source="Resources\qrv39_1.dat" Description="ファイルは正常に D:\Minami\Tips\QR Code\QRCode\QRCode\QRCodeLib\Backup\Resources\qrv39_1.dat としてバックアップされました。">
</Event><Event ErrorLevel="0" Project="QRCodeLib" Source="Resources\qrv39_2.dat" Description="ファイルは正常に D:\Minami\Tips\QR Code\QRCode\QRCode\QRCodeLib\Backup\Resources\qrv39_2.dat としてバックアップされました。">
</Event><Event ErrorLevel="0" Project="QRCodeLib" Source="Resources\qrv39_3.dat" Description="ファイルは正常に D:\Minami\Tips\QR Code\QRCode\QRCode\QRCodeLib\Backup\Resources\qrv39_3.dat としてバックアップされました。">
</Event><Event ErrorLevel="0" Project="QRCodeLib" Source="Resources\qrv3_0.dat" Description="ファイルは正常に D:\Minami\Tips\QR Code\QRCode\QRCode\QRCodeLib\Backup\Resources\qrv3_0.dat としてバックアップされました。">
</Event><Event ErrorLevel="0" Project="QRCodeLib" Source="Resources\qrv3_1.dat" Description="ファイルは正常に D:\Minami\Tips\QR Code\QRCode\QRCode\QRCodeLib\Backup\Resources\qrv3_1.dat としてバックアップされました。">
</Event><Event ErrorLevel="0" Project="QRCodeLib" Source="Resources\qrv3_2.dat" Description="ファイルは正常に D:\Minami\Tips\QR Code\QRCode\QRCode\QRCodeLib\Backup\Resources\qrv3_2.dat としてバックアップされました。">
</Event><Event ErrorLevel="0" Project="QRCodeLib" Source="Resources\qrv3_3.dat" Description="ファイルは正常に D:\Minami\Tips\QR Code\QRCode\QRCode\QRCodeLib\Backup\Resources\qrv3_3.dat としてバックアップされました。">
</Event><Event ErrorLevel="0" Project="QRCodeLib" Source="Resources\qrv40_0.dat" Description="ファイルは正常に D:\Minami\Tips\QR Code\QRCode\QRCode\QRCodeLib\Backup\Resources\qrv40_0.dat としてバックアップされました。">
</Event><Event ErrorLevel="0" Project="QRCodeLib" Source="Resources\qrv40_1.dat" Description="ファイルは正常に D:\Minami\Tips\QR Code\QRCode\QRCode\QRCodeLib\Backup\Resources\qrv40_1.dat としてバックアップされました。">
</Event><Event ErrorLevel="0" Project="QRCodeLib" Source="Resources\qrv40_2.dat" Description="ファイルは正常に D:\Minami\Tips\QR Code\QRCode\QRCode\QRCodeLib\Backup\Resources\qrv40_2.dat としてバックアップされました。">
</Event><Event ErrorLevel="0" Project="QRCodeLib" Source="Resources\qrv40_3.dat" Description="ファイルは正常に D:\Minami\Tips\QR Code\QRCode\QRCode\QRCodeLib\Backup\Resources\qrv40_3.dat としてバックアップされました。">
</Event><Event ErrorLevel="0" Project="QRCodeLib" Source="Resources\qrv4_0.dat" Description="ファイルは正常に D:\Minami\Tips\QR Code\QRCode\QRCode\QRCodeLib\Backup\Resources\qrv4_0.dat としてバックアップされました。">
</Event><Event ErrorLevel="0" Project="QRCodeLib" Source="Resources\qrv4_1.dat" Description="ファイルは正常に D:\Minami\Tips\QR Code\QRCode\QRCode\QRCodeLib\Backup\Resources\qrv4_1.dat としてバックアップされました。">
</Event><Event ErrorLevel="0" Project="QRCodeLib" Source="Resources\qrv4_2.dat" Description="ファイルは正常に D:\Minami\Tips\QR Code\QRCode\QRCode\QRCodeLib\Backup\Resources\qrv4_2.dat としてバックアップされました。">
</Event><Event ErrorLevel="0" Project="QRCodeLib" Source="Resources\qrv4_3.dat" Description="ファイルは正常に D:\Minami\Tips\QR Code\QRCode\QRCode\QRCodeLib\Backup\Resources\qrv4_3.dat としてバックアップされました。">
</Event><Event ErrorLevel="0" Project="QRCodeLib" Source="Resources\qrv5_0.dat" Description="ファイルは正常に D:\Minami\Tips\QR Code\QRCode\QRCode\QRCodeLib\Backup\Resources\qrv5_0.dat としてバックアップされました。">
</Event><Event ErrorLevel="0" Project="QRCodeLib" Source="Resources\qrv5_1.dat" Description="ファイルは正常に D:\Minami\Tips\QR Code\QRCode\QRCode\QRCodeLib\Backup\Resources\qrv5_1.dat としてバックアップされました。">
</Event><Event ErrorLevel="0" Project="QRCodeLib" Source="Resources\qrv5_2.dat" Description="ファイルは正常に D:\Minami\Tips\QR Code\QRCode\QRCode\QRCodeLib\Backup\Resources\qrv5_2.dat としてバックアップされました。">
</Event><Event ErrorLevel="0" Project="QRCodeLib" Source="Resources\qrv5_3.dat" Description="ファイルは正常に D:\Minami\Tips\QR Code\QRCode\QRCode\QRCodeLib\Backup\Resources\qrv5_3.dat としてバックアップされました。">
</Event><Event ErrorLevel="0" Project="QRCodeLib" Source="Resources\qrv6_0.dat" Description="ファイルは正常に D:\Minami\Tips\QR Code\QRCode\QRCode\QRCodeLib\Backup\Resources\qrv6_0.dat としてバックアップされました。">
</Event><Event ErrorLevel="0" Project="QRCodeLib" Source="Resources\qrv6_1.dat" Description="ファイルは正常に D:\Minami\Tips\QR Code\QRCode\QRCode\QRCodeLib\Backup\Resources\qrv6_1.dat としてバックアップされました。">
</Event><Event ErrorLevel="0" Project="QRCodeLib" Source="Resources\qrv6_2.dat" Description="ファイルは正常に D:\Minami\Tips\QR Code\QRCode\QRCode\QRCodeLib\Backup\Resources\qrv6_2.dat としてバックアップされました。">
</Event><Event ErrorLevel="0" Project="QRCodeLib" Source="Resources\qrv6_3.dat" Description="ファイルは正常に D:\Minami\Tips\QR Code\QRCode\QRCode\QRCodeLib\Backup\Resources\qrv6_3.dat としてバックアップされました。">
</Event><Event ErrorLevel="0" Project="QRCodeLib" Source="Resources\qrv7_0.dat" Description="ファイルは正常に D:\Minami\Tips\QR Code\QRCode\QRCode\QRCodeLib\Backup\Resources\qrv7_0.dat としてバックアップされました。">
</Event><Event ErrorLevel="0" Project="QRCodeLib" Source="Resources\qrv7_1.dat" Description="ファイルは正常に D:\Minami\Tips\QR Code\QRCode\QRCode\QRCodeLib\Backup\Resources\qrv7_1.dat としてバックアップされました。">
</Event><Event ErrorLevel="0" Project="QRCodeLib" Source="Resources\qrv7_2.dat" Description="ファイルは正常に D:\Minami\Tips\QR Code\QRCode\QRCode\QRCodeLib\Backup\Resources\qrv7_2.dat としてバックアップされました。">
</Event><Event ErrorLevel="0" Project="QRCodeLib" Source="Resources\qrv7_3.dat" Description="ファイルは正常に D:\Minami\Tips\QR Code\QRCode\QRCode\QRCodeLib\Backup\Resources\qrv7_3.dat としてバックアップされました。">
</Event><Event ErrorLevel="0" Project="QRCodeLib" Source="Resources\qrv8_0.dat" Description="ファイルは正常に D:\Minami\Tips\QR Code\QRCode\QRCode\QRCodeLib\Backup\Resources\qrv8_0.dat としてバックアップされました。">
</Event><Event ErrorLevel="0" Project="QRCodeLib" Source="Resources\qrv8_1.dat" Description="ファイルは正常に D:\Minami\Tips\QR Code\QRCode\QRCode\QRCodeLib\Backup\Resources\qrv8_1.dat としてバックアップされました。">
</Event><Event ErrorLevel="0" Project="QRCodeLib" Source="Resources\qrv8_2.dat" Description="ファイルは正常に D:\Minami\Tips\QR Code\QRCode\QRCode\QRCodeLib\Backup\Resources\qrv8_2.dat としてバックアップされました。">
</Event><Event ErrorLevel="0" Project="QRCodeLib" Source="Resources\qrv8_3.dat" Description="ファイルは正常に D:\Minami\Tips\QR Code\QRCode\QRCode\QRCodeLib\Backup\Resources\qrv8_3.dat としてバックアップされました。">
</Event><Event ErrorLevel="0" Project="QRCodeLib" Source="Resources\qrv9_0.dat" Description="ファイルは正常に D:\Minami\Tips\QR Code\QRCode\QRCode\QRCodeLib\Backup\Resources\qrv9_0.dat としてバックアップされました。">
</Event><Event ErrorLevel="0" Project="QRCodeLib" Source="Resources\qrv9_1.dat" Description="ファイルは正常に D:\Minami\Tips\QR Code\QRCode\QRCode\QRCodeLib\Backup\Resources\qrv9_1.dat としてバックアップされました。">
</Event><Event ErrorLevel="0" Project="QRCodeLib" Source="Resources\qrv9_2.dat" Description="ファイルは正常に D:\Minami\Tips\QR Code\QRCode\QRCode\QRCodeLib\Backup\Resources\qrv9_2.dat としてバックアップされました。">
</Event><Event ErrorLevel="0" Project="QRCodeLib" Source="Resources\qrv9_3.dat" Description="ファイルは正常に D:\Minami\Tips\QR Code\QRCode\QRCode\QRCodeLib\Backup\Resources\qrv9_3.dat としてバックアップされました。">
</Event><Event ErrorLevel="0" Project="QRCodeLib" Source="Resources\qrvfr1.dat" Description="ファイルは正常に D:\Minami\Tips\QR Code\QRCode\QRCode\QRCodeLib\Backup\Resources\qrvfr1.dat としてバックアップされました。">
</Event><Event ErrorLevel="0" Project="QRCodeLib" Source="Resources\qrvfr10.dat" Description="ファイルは正常に D:\Minami\Tips\QR Code\QRCode\QRCode\QRCodeLib\Backup\Resources\qrvfr10.dat としてバックアップされました。">
</Event><Event ErrorLevel="0" Project="QRCodeLib" Source="Resources\qrvfr11.dat" Description="ファイルは正常に D:\Minami\Tips\QR Code\QRCode\QRCode\QRCodeLib\Backup\Resources\qrvfr11.dat としてバックアップされました。">
</Event><Event ErrorLevel="0" Project="QRCodeLib" Source="Resources\qrvfr12.dat" Description="ファイルは正常に D:\Minami\Tips\QR Code\QRCode\QRCode\QRCodeLib\Backup\Resources\qrvfr12.dat としてバックアップされました。">
</Event><Event ErrorLevel="0" Project="QRCodeLib" Source="Resources\qrvfr13.dat" Description="ファイルは正常に D:\Minami\Tips\QR Code\QRCode\QRCode\QRCodeLib\Backup\Resources\qrvfr13.dat としてバックアップされました。">
</Event><Event ErrorLevel="0" Project="QRCodeLib" Source="Resources\qrvfr14.dat" Description="ファイルは正常に D:\Minami\Tips\QR Code\QRCode\QRCode\QRCodeLib\Backup\Resources\qrvfr14.dat としてバックアップされました。">
</Event><Event ErrorLevel="0" Project="QRCodeLib" Source="Resources\qrvfr15.dat" Description="ファイルは正常に D:\Minami\Tips\QR Code\QRCode\QRCode\QRCodeLib\Backup\Resources\qrvfr15.dat としてバックアップされました。">
</Event><Event ErrorLevel="0" Project="QRCodeLib" Source="Resources\qrvfr16.dat" Description="ファイルは正常に D:\Minami\Tips\QR Code\QRCode\QRCode\QRCodeLib\Backup\Resources\qrvfr16.dat としてバックアップされました。">
</Event><Event ErrorLevel="0" Project="QRCodeLib" Source="Resources\qrvfr17.dat" Description="ファイルは正常に D:\Minami\Tips\QR Code\QRCode\QRCode\QRCodeLib\Backup\Resources\qrvfr17.dat としてバックアップされました。">
</Event><Event ErrorLevel="0" Project="QRCodeLib" Source="Resources\qrvfr18.dat" Description="ファイルは正常に D:\Minami\Tips\QR Code\QRCode\QRCode\QRCodeLib\Backup\Resources\qrvfr18.dat としてバックアップされました。">
</Event><Event ErrorLevel="0" Project="QRCodeLib" Source="Resources\qrvfr19.dat" Description="ファイルは正常に D:\Minami\Tips\QR Code\QRCode\QRCode\QRCodeLib\Backup\Resources\qrvfr19.dat としてバックアップされました。">
</Event><Event ErrorLevel="0" Project="QRCodeLib" Source="Resources\qrvfr2.dat" Description="ファイルは正常に D:\Minami\Tips\QR Code\QRCode\QRCode\QRCodeLib\Backup\Resources\qrvfr2.dat としてバックアップされました。">
</Event><Event ErrorLevel="0" Project="QRCodeLib" Source="Resources\qrvfr20.dat" Description="ファイルは正常に D:\Minami\Tips\QR Code\QRCode\QRCode\QRCodeLib\Backup\Resources\qrvfr20.dat としてバックアップされました。">
</Event><Event ErrorLevel="0" Project="QRCodeLib" Source="Resources\qrvfr21.dat" Description="ファイルは正常に D:\Minami\Tips\QR Code\QRCode\QRCode\QRCodeLib\Backup\Resources\qrvfr21.dat としてバックアップされました。">
</Event><Event ErrorLevel="0" Project="QRCodeLib" Source="Resources\qrvfr22.dat" Description="ファイルは正常に D:\Minami\Tips\QR Code\QRCode\QRCode\QRCodeLib\Backup\Resources\qrvfr22.dat としてバックアップされました。">
</Event><Event ErrorLevel="0" Project="QRCodeLib" Source="Resources\qrvfr23.dat" Description="ファイルは正常に D:\Minami\Tips\QR Code\QRCode\QRCode\QRCodeLib\Backup\Resources\qrvfr23.dat としてバックアップされました。">
</Event><Event ErrorLevel="0" Project="QRCodeLib" Source="Resources\qrvfr24.dat" Description="ファイルは正常に D:\Minami\Tips\QR Code\QRCode\QRCode\QRCodeLib\Backup\Resources\qrvfr24.dat としてバックアップされました。">
</Event><Event ErrorLevel="0" Project="QRCodeLib" Source="Resources\qrvfr25.dat" Description="ファイルは正常に D:\Minami\Tips\QR Code\QRCode\QRCode\QRCodeLib\Backup\Resources\qrvfr25.dat としてバックアップされました。">
</Event><Event ErrorLevel="0" Project="QRCodeLib" Source="Resources\qrvfr26.dat" Description="ファイルは正常に D:\Minami\Tips\QR Code\QRCode\QRCode\QRCodeLib\Backup\Resources\qrvfr26.dat としてバックアップされました。">
</Event><Event ErrorLevel="0" Project="QRCodeLib" Source="Resources\qrvfr27.dat" Description="ファイルは正常に D:\Minami\Tips\QR Code\QRCode\QRCode\QRCodeLib\Backup\Resources\qrvfr27.dat としてバックアップされました。">
</Event><Event ErrorLevel="0" Project="QRCodeLib" Source="Resources\qrvfr28.dat" Description="ファイルは正常に D:\Minami\Tips\QR Code\QRCode\QRCode\QRCodeLib\Backup\Resources\qrvfr28.dat としてバックアップされました。">
</Event><Event ErrorLevel="0" Project="QRCodeLib" Source="Resources\qrvfr29.dat" Description="ファイルは正常に D:\Minami\Tips\QR Code\QRCode\QRCode\QRCodeLib\Backup\Resources\qrvfr29.dat としてバックアップされました。">
</Event><Event ErrorLevel="0" Project="QRCodeLib" Source="Resources\qrvfr3.dat" Description="ファイルは正常に D:\Minami\Tips\QR Code\QRCode\QRCode\QRCodeLib\Backup\Resources\qrvfr3.dat としてバックアップされました。">
</Event><Event ErrorLevel="0" Project="QRCodeLib" Source="Resources\qrvfr30.dat" Description="ファイルは正常に D:\Minami\Tips\QR Code\QRCode\QRCode\QRCodeLib\Backup\Resources\qrvfr30.dat としてバックアップされました。">
</Event><Event ErrorLevel="0" Project="QRCodeLib" Source="Resources\qrvfr31.dat" Description="ファイルは正常に D:\Minami\Tips\QR Code\QRCode\QRCode\QRCodeLib\Backup\Resources\qrvfr31.dat としてバックアップされました。">
</Event><Event ErrorLevel="0" Project="QRCodeLib" Source="Resources\qrvfr32.dat" Description="ファイルは正常に D:\Minami\Tips\QR Code\QRCode\QRCode\QRCodeLib\Backup\Resources\qrvfr32.dat としてバックアップされました。">
</Event><Event ErrorLevel="0" Project="QRCodeLib" Source="Resources\qrvfr33.dat" Description="ファイルは正常に D:\Minami\Tips\QR Code\QRCode\QRCode\QRCodeLib\Backup\Resources\qrvfr33.dat としてバックアップされました。">
</Event><Event ErrorLevel="0" Project="QRCodeLib" Source="Resources\qrvfr34.dat" Description="ファイルは正常に D:\Minami\Tips\QR Code\QRCode\QRCode\QRCodeLib\Backup\Resources\qrvfr34.dat としてバックアップされました。">
</Event><Event ErrorLevel="0" Project="QRCodeLib" Source="Resources\qrvfr35.dat" Description="ファイルは正常に D:\Minami\Tips\QR Code\QRCode\QRCode\QRCodeLib\Backup\Resources\qrvfr35.dat としてバックアップされました。">
</Event><Event ErrorLevel="0" Project="QRCodeLib" Source="Resources\qrvfr36.dat" Description="ファイルは正常に D:\Minami\Tips\QR Code\QRCode\QRCode\QRCodeLib\Backup\Resources\qrvfr36.dat としてバックアップされました。">
</Event><Event ErrorLevel="0" Project="QRCodeLib" Source="Resources\qrvfr37.dat" Description="ファイルは正常に D:\Minami\Tips\QR Code\QRCode\QRCode\QRCodeLib\Backup\Resources\qrvfr37.dat としてバックアップされました。">
</Event><Event ErrorLevel="0" Project="QRCodeLib" Source="Resources\qrvfr38.dat" Description="ファイルは正常に D:\Minami\Tips\QR Code\QRCode\QRCode\QRCodeLib\Backup\Resources\qrvfr38.dat としてバックアップされました。">
</Event><Event ErrorLevel="0" Project="QRCodeLib" Source="Resources\qrvfr39.dat" Description="ファイルは正常に D:\Minami\Tips\QR Code\QRCode\QRCode\QRCodeLib\Backup\Resources\qrvfr39.dat としてバックアップされました。">
</Event><Event ErrorLevel="0" Project="QRCodeLib" Source="Resources\qrvfr4.dat" Description="ファイルは正常に D:\Minami\Tips\QR Code\QRCode\QRCode\QRCodeLib\Backup\Resources\qrvfr4.dat としてバックアップされました。">
</Event><Event ErrorLevel="0" Project="QRCodeLib" Source="Resources\qrvfr40.dat" Description="ファイルは正常に D:\Minami\Tips\QR Code\QRCode\QRCode\QRCodeLib\Backup\Resources\qrvfr40.dat としてバックアップされました。">
</Event><Event ErrorLevel="0" Project="QRCodeLib" Source="Resources\qrvfr5.dat" Description="ファイルは正常に D:\Minami\Tips\QR Code\QRCode\QRCode\QRCodeLib\Backup\Resources\qrvfr5.dat としてバックアップされました。">
</Event><Event ErrorLevel="0" Project="QRCodeLib" Source="Resources\qrvfr6.dat" Description="ファイルは正常に D:\Minami\Tips\QR Code\QRCode\QRCode\QRCodeLib\Backup\Resources\qrvfr6.dat としてバックアップされました。">
</Event><Event ErrorLevel="0" Project="QRCodeLib" Source="Resources\qrvfr7.dat" Description="ファイルは正常に D:\Minami\Tips\QR Code\QRCode\QRCode\QRCodeLib\Backup\Resources\qrvfr7.dat としてバックアップされました。">
</Event><Event ErrorLevel="0" Project="QRCodeLib" Source="Resources\qrvfr8.dat" Description="ファイルは正常に D:\Minami\Tips\QR Code\QRCode\QRCode\QRCodeLib\Backup\Resources\qrvfr8.dat としてバックアップされました。">
</Event><Event ErrorLevel="0" Project="QRCodeLib" Source="Resources\qrvfr9.dat" Description="ファイルは正常に D:\Minami\Tips\QR Code\QRCode\QRCode\QRCodeLib\Backup\Resources\qrvfr9.dat としてバックアップされました。">
</Event><Event ErrorLevel="0" Project="QRCodeLib" Source="Resources\rsc10.dat" Description="ファイルは正常に D:\Minami\Tips\QR Code\QRCode\QRCode\QRCodeLib\Backup\Resources\rsc10.dat としてバックアップされました。">
</Event><Event ErrorLevel="0" Project="QRCodeLib" Source="Resources\rsc13.dat" Description="ファイルは正常に D:\Minami\Tips\QR Code\QRCode\QRCode\QRCodeLib\Backup\Resources\rsc13.dat としてバックアップされました。">
</Event><Event ErrorLevel="0" Project="QRCodeLib" Source="Resources\rsc15.dat" Description="ファイルは正常に D:\Minami\Tips\QR Code\QRCode\QRCode\QRCodeLib\Backup\Resources\rsc15.dat としてバックアップされました。">
</Event><Event ErrorLevel="0" Project="QRCodeLib" Source="Resources\rsc16.dat" Description="ファイルは正常に D:\Minami\Tips\QR Code\QRCode\QRCode\QRCodeLib\Backup\Resources\rsc16.dat としてバックアップされました。">
</Event><Event ErrorLevel="0" Project="QRCodeLib" Source="Resources\rsc17.dat" Description="ファイルは正常に D:\Minami\Tips\QR Code\QRCode\QRCode\QRCodeLib\Backup\Resources\rsc17.dat としてバックアップされました。">
</Event><Event ErrorLevel="0" Project="QRCodeLib" Source="Resources\rsc18.dat" Description="ファイルは正常に D:\Minami\Tips\QR Code\QRCode\QRCode\QRCodeLib\Backup\Resources\rsc18.dat としてバックアップされました。">
</Event><Event ErrorLevel="0" Project="QRCodeLib" Source="Resources\rsc20.dat" Description="ファイルは正常に D:\Minami\Tips\QR Code\QRCode\QRCode\QRCodeLib\Backup\Resources\rsc20.dat としてバックアップされました。">
</Event><Event ErrorLevel="0" Project="QRCodeLib" Source="Resources\rsc22.dat" Description="ファイルは正常に D:\Minami\Tips\QR Code\QRCode\QRCode\QRCodeLib\Backup\Resources\rsc22.dat としてバックアップされました。">
</Event><Event ErrorLevel="0" Project="QRCodeLib" Source="Resources\rsc24.dat" Description="ファイルは正常に D:\Minami\Tips\QR Code\QRCode\QRCode\QRCodeLib\Backup\Resources\rsc24.dat としてバックアップされました。">
</Event><Event ErrorLevel="0" Project="QRCodeLib" Source="Resources\rsc26.dat" Description="ファイルは正常に D:\Minami\Tips\QR Code\QRCode\QRCode\QRCodeLib\Backup\Resources\rsc26.dat としてバックアップされました。">
</Event><Event ErrorLevel="0" Project="QRCodeLib" Source="Resources\rsc28.dat" Description="ファイルは正常に D:\Minami\Tips\QR Code\QRCode\QRCode\QRCodeLib\Backup\Resources\rsc28.dat としてバックアップされました。">
</Event><Event ErrorLevel="0" Project="QRCodeLib" Source="Resources\rsc30.dat" Description="ファイルは正常に D:\Minami\Tips\QR Code\QRCode\QRCode\QRCodeLib\Backup\Resources\rsc30.dat としてバックアップされました。">
</Event><Event ErrorLevel="0" Project="QRCodeLib" Source="Resources\rsc32.dat" Description="ファイルは正常に D:\Minami\Tips\QR Code\QRCode\QRCode\QRCodeLib\Backup\Resources\rsc32.dat としてバックアップされました。">
</Event><Event ErrorLevel="0" Project="QRCodeLib" Source="Resources\rsc34.dat" Description="ファイルは正常に D:\Minami\Tips\QR Code\QRCode\QRCode\QRCodeLib\Backup\Resources\rsc34.dat としてバックアップされました。">
</Event><Event ErrorLevel="0" Project="QRCodeLib" Source="Resources\rsc36.dat" Description="ファイルは正常に D:\Minami\Tips\QR Code\QRCode\QRCode\QRCodeLib\Backup\Resources\rsc36.dat としてバックアップされました。">
</Event><Event ErrorLevel="0" Project="QRCodeLib" Source="Resources\rsc40.dat" Description="ファイルは正常に D:\Minami\Tips\QR Code\QRCode\QRCode\QRCodeLib\Backup\Resources\rsc40.dat としてバックアップされました。">
</Event><Event ErrorLevel="0" Project="QRCodeLib" Source="Resources\rsc42.dat" Description="ファイルは正常に D:\Minami\Tips\QR Code\QRCode\QRCode\QRCodeLib\Backup\Resources\rsc42.dat としてバックアップされました。">
</Event><Event ErrorLevel="0" Project="QRCodeLib" Source="Resources\rsc44.dat" Description="ファイルは正常に D:\Minami\Tips\QR Code\QRCode\QRCode\QRCodeLib\Backup\Resources\rsc44.dat としてバックアップされました。">
</Event><Event ErrorLevel="0" Project="QRCodeLib" Source="Resources\rsc46.dat" Description="ファイルは正常に D:\Minami\Tips\QR Code\QRCode\QRCode\QRCodeLib\Backup\Resources\rsc46.dat としてバックアップされました。">
</Event><Event ErrorLevel="0" Project="QRCodeLib" Source="Resources\rsc48.dat" Description="ファイルは正常に D:\Minami\Tips\QR Code\QRCode\QRCode\QRCodeLib\Backup\Resources\rsc48.dat としてバックアップされました。">
</Event><Event ErrorLevel="0" Project="QRCodeLib" Source="Resources\rsc50.dat" Description="ファイルは正常に D:\Minami\Tips\QR Code\QRCode\QRCode\QRCodeLib\Backup\Resources\rsc50.dat としてバックアップされました。">
</Event><Event ErrorLevel="0" Project="QRCodeLib" Source="Resources\rsc52.dat" Description="ファイルは正常に D:\Minami\Tips\QR Code\QRCode\QRCode\QRCodeLib\Backup\Resources\rsc52.dat としてバックアップされました。">
</Event><Event ErrorLevel="0" Project="QRCodeLib" Source="Resources\rsc54.dat" Description="ファイルは正常に D:\Minami\Tips\QR Code\QRCode\QRCode\QRCodeLib\Backup\Resources\rsc54.dat としてバックアップされました。">
</Event><Event ErrorLevel="0" Project="QRCodeLib" Source="Resources\rsc56.dat" Description="ファイルは正常に D:\Minami\Tips\QR Code\QRCode\QRCode\QRCodeLib\Backup\Resources\rsc56.dat としてバックアップされました。">
</Event><Event ErrorLevel="0" Project="QRCodeLib" Source="Resources\rsc58.dat" Description="ファイルは正常に D:\Minami\Tips\QR Code\QRCode\QRCode\QRCodeLib\Backup\Resources\rsc58.dat としてバックアップされました。">
</Event><Event ErrorLevel="0" Project="QRCodeLib" Source="Resources\rsc60.dat" Description="ファイルは正常に D:\Minami\Tips\QR Code\QRCode\QRCode\QRCodeLib\Backup\Resources\rsc60.dat としてバックアップされました。">
</Event><Event ErrorLevel="0" Project="QRCodeLib" Source="Resources\rsc62.dat" Description="ファイルは正常に D:\Minami\Tips\QR Code\QRCode\QRCode\QRCodeLib\Backup\Resources\rsc62.dat としてバックアップされました。">
</Event><Event ErrorLevel="0" Project="QRCodeLib" Source="Resources\rsc64.dat" Description="ファイルは正常に D:\Minami\Tips\QR Code\QRCode\QRCode\QRCodeLib\Backup\Resources\rsc64.dat としてバックアップされました。">
</Event><Event ErrorLevel="0" Project="QRCodeLib" Source="Resources\rsc66.dat" Description="ファイルは正常に D:\Minami\Tips\QR Code\QRCode\QRCode\QRCodeLib\Backup\Resources\rsc66.dat としてバックアップされました。">
</Event><Event ErrorLevel="0" Project="QRCodeLib" Source="Resources\rsc68.dat" Description="ファイルは正常に D:\Minami\Tips\QR Code\QRCode\QRCode\QRCodeLib\Backup\Resources\rsc68.dat としてバックアップされました。">
</Event><Event ErrorLevel="0" Project="QRCodeLib" Source="Resources\rsc7.dat" Description="ファイルは正常に D:\Minami\Tips\QR Code\QRCode\QRCode\QRCodeLib\Backup\Resources\rsc7.dat としてバックアップされました。">
</Event><Event ErrorLevel="0" Project="QRCodeLib" Source="Properties\Resources.resx" Description="ファイルは正常に D:\Minami\Tips\QR Code\QRCode\QRCode\QRCodeLib\Backup\Properties\Resources.resx としてバックアップされました。">
</Event><Event ErrorLevel="0" Project="QRCodeLib" Source="QRCodeLib.csproj" Description="プロジェクト ファイルは変換する必要がありません。">
</Event><Event ErrorLevel="3" Project="QRCodeLib" Source="QRCodeLib.csproj" Description="変換の必要はありません">
</Event><Event ErrorLevel="1" Project="QRCodeSampleApp" Source="..\QRCodeSampleApp\QRCodeSampleApp.csproj" Description="警告: プロジェクト ファイルは、元のソリューションの相対パスとは異なる相対パスにバックアップされています。フォルダー階層の違いにより、バックアップされたソリューションおよびプロジェクトを開いたり作成したりするときに、問題が発生する可能性があります。">
</Event><Event ErrorLevel="0" Project="QRCodeSampleApp" Source="..\QRCodeSampleApp\QRCodeSampleApp.csproj" Description="プロジェクト ファイルは正常に D:\Minami\Tips\QR Code\QRCode\QRCode\QRCodeLib\Backup\QRCodeSampleApp\QRCodeSampleApp.csproj としてバックアップされました。">
</Event><Event ErrorLevel="0" Project="QRCodeSampleApp" Source="..\QRCodeSampleApp\QRCodeSampleApp.csproj.user" Description="プロジェクト ユーザー ファイルは正常に D:\Minami\Tips\QR Code\QRCode\QRCode\QRCodeLib\Backup\QRCodeSampleApp\QRCodeSampleApp.csproj.user としてバックアップされました。">
</Event><Event ErrorLevel="0" Project="QRCodeSampleApp" Source="..\QRCodeSampleApp\QrCodeSampleApp.cs" Description="ファイルは正常に D:\Minami\Tips\QR Code\QRCode\QRCode\QRCodeLib\Backup\QRCodeSampleApp\QrCodeSampleApp.cs としてバックアップされました。">
</Event><Event ErrorLevel="0" Project="QRCodeSampleApp" Source="..\QRCodeSampleApp\QrCodeSampleApp.Designer.cs" Description="ファイルは正常に D:\Minami\Tips\QR Code\QRCode\QRCode\QRCodeLib\Backup\QRCodeSampleApp\QrCodeSampleApp.Designer.cs としてバックアップされました。">
</Event><Event ErrorLevel="0" Project="QRCodeSampleApp" Source="..\QRCodeSampleApp\Program.cs" Description="ファイルは正常に D:\Minami\Tips\QR Code\QRCode\QRCode\QRCodeLib\Backup\QRCodeSampleApp\Program.cs としてバックアップされました。">
</Event><Event ErrorLevel="0" Project="QRCodeSampleApp" Source="..\QRCodeSampleApp\Properties\AssemblyInfo.cs" Description="ファイルは正常に D:\Minami\Tips\QR Code\QRCode\QRCode\QRCodeLib\Backup\QRCodeSampleApp\Properties\AssemblyInfo.cs としてバックアップされました。">
</Event><Event ErrorLevel="0" Project="QRCodeSampleApp" Source="..\QRCodeSampleApp\Properties\Resources.Designer.cs" Description="ファイルは正常に D:\Minami\Tips\QR Code\QRCode\QRCode\QRCodeLib\Backup\QRCodeSampleApp\Properties\Resources.Designer.cs としてバックアップされました。">
</Event><Event ErrorLevel="0" Project="QRCodeSampleApp" Source="..\QRCodeSampleApp\Properties\Settings.Designer.cs" Description="ファイルは正常に D:\Minami\Tips\QR Code\QRCode\QRCode\QRCodeLib\Backup\QRCodeSampleApp\Properties\Settings.Designer.cs としてバックアップされました。">
</Event><Event ErrorLevel="0" Project="QRCodeSampleApp" Source="..\QRCodeSampleApp\Properties\Settings.settings" Description="ファイルは正常に D:\Minami\Tips\QR Code\QRCode\QRCode\QRCodeLib\Backup\QRCodeSampleApp\Properties\Settings.settings としてバックアップされました。">
</Event><Event ErrorLevel="0" Project="QRCodeSampleApp" Source="..\QRCodeSampleApp\QrCodeSampleApp.resx" Description="ファイルは正常に D:\Minami\Tips\QR Code\QRCode\QRCode\QRCodeLib\Backup\QRCodeSampleApp\QrCodeSampleApp.resx としてバックアップされました。">
</Event><Event ErrorLevel="0" Project="QRCodeSampleApp" Source="..\QRCodeSampleApp\Properties\Resources.resx" Description="ファイルは正常に D:\Minami\Tips\QR Code\QRCode\QRCode\QRCodeLib\Backup\QRCodeSampleApp\Properties\Resources.resx としてバックアップされました。">
</Event><Event ErrorLevel="0" Project="QRCodeSampleApp" Source="..\QRCodeSampleApp\QRCodeSampleApp.csproj" Description="プロジェクト ファイルは変換する必要がありません。">
</Event><Event ErrorLevel="3" Project="QRCodeSampleApp" Source="..\QRCodeSampleApp\QRCodeSampleApp.csproj" Description="変換の必要はありません">
</Event><Event ErrorLevel="1" Project="QRCodeMobileLib" Source="..\QRCodeMobileLib\QRCodeMobileLib.csproj" Description="警告: プロジェクト ファイルは、元のソリューションの相対パスとは異なる相対パスにバックアップされています。フォルダー階層の違いにより、バックアップされたソリューションおよびプロジェクトを開いたり作成したりするときに、問題が発生する可能性があります。">
</Event><Event ErrorLevel="0" Project="QRCodeMobileLib" Source="..\QRCodeMobileLib\QRCodeMobileLib.csproj" Description="プロジェクト ファイルは正常に D:\Minami\Tips\QR Code\QRCode\QRCode\QRCodeLib\Backup\QRCodeMobileLib\QRCodeMobileLib.csproj としてバックアップされました。">
</Event><Event ErrorLevel="0" Project="QRCodeMobileLib" Source="..\QRCodeMobileLib\QRCodeMobileLib.csproj.user" Description="プロジェクト ユーザー ファイルは正常に D:\Minami\Tips\QR Code\QRCode\QRCode\QRCodeLib\Backup\QRCodeMobileLib\QRCodeMobileLib.csproj.user としてバックアップされました。">
</Event><Event ErrorLevel="0" Project="QRCodeMobileLib" Source="..\QRCodeMobileLib\data\QRCodeBitmapImage.cs" Description="ファイルは正常に D:\Minami\Tips\QR Code\QRCode\QRCode\QRCodeLib\Backup\QRCodeMobileLib\data\QRCodeBitmapImage.cs としてバックアップされました。">
</Event><Event ErrorLevel="0" Project="QRCodeMobileLib" Source="..\QRCodeMobileLib\data\QRCodeImage.cs" Description="ファイルは正常に D:\Minami\Tips\QR Code\QRCode\QRCode\QRCodeLib\Backup\QRCodeMobileLib\data\QRCodeImage.cs としてバックアップされました。">
</Event><Event ErrorLevel="0" Project="QRCodeMobileLib" Source="..\QRCodeMobileLib\data\QRCodeSymbol.cs" Description="ファイルは正常に D:\Minami\Tips\QR Code\QRCode\QRCode\QRCodeLib\Backup\QRCodeMobileLib\data\QRCodeSymbol.cs としてバックアップされました。">
</Event><Event ErrorLevel="0" Project="QRCodeMobileLib" Source="..\QRCodeMobileLib\ecc\BCH15_5.cs" Description="ファイルは正常に D:\Minami\Tips\QR Code\QRCode\QRCode\QRCodeLib\Backup\QRCodeMobileLib\ecc\BCH15_5.cs としてバックアップされました。">
</Event><Event ErrorLevel="0" Project="QRCodeMobileLib" Source="..\QRCodeMobileLib\ecc\ReedSolomon.cs" Description="ファイルは正常に D:\Minami\Tips\QR Code\QRCode\QRCode\QRCodeLib\Backup\QRCodeMobileLib\ecc\ReedSolomon.cs としてバックアップされました。">
</Event><Event ErrorLevel="0" Project="QRCodeMobileLib" Source="..\QRCodeMobileLib\exception\AlignmentPatternNotFoundException.cs" Description="ファイルは正常に D:\Minami\Tips\QR Code\QRCode\QRCode\QRCodeLib\Backup\QRCodeMobileLib\exception\AlignmentPatternNotFoundException.cs としてバックアップされました。">
</Event><Event ErrorLevel="0" Project="QRCodeMobileLib" Source="..\QRCodeMobileLib\exception\DecodingFailedException.cs" Description="ファイルは正常に D:\Minami\Tips\QR Code\QRCode\QRCode\QRCodeLib\Backup\QRCodeMobileLib\exception\DecodingFailedException.cs としてバックアップされました。">
</Event><Event ErrorLevel="0" Project="QRCodeMobileLib" Source="..\QRCodeMobileLib\exception\FinderPatternNotFoundException.cs" Description="ファイルは正常に D:\Minami\Tips\QR Code\QRCode\QRCode\QRCodeLib\Backup\QRCodeMobileLib\exception\FinderPatternNotFoundException.cs としてバックアップされました。">
</Event><Event ErrorLevel="0" Project="QRCodeMobileLib" Source="..\QRCodeMobileLib\exception\InvalidDataBlockException.cs" Description="ファイルは正常に D:\Minami\Tips\QR Code\QRCode\QRCode\QRCodeLib\Backup\QRCodeMobileLib\exception\InvalidDataBlockException.cs としてバックアップされました。">
</Event><Event ErrorLevel="0" Project="QRCodeMobileLib" Source="..\QRCodeMobileLib\exception\InvalidVersionException.cs" Description="ファイルは正常に D:\Minami\Tips\QR Code\QRCode\QRCode\QRCodeLib\Backup\QRCodeMobileLib\exception\InvalidVersionException.cs としてバックアップされました。">
</Event><Event ErrorLevel="0" Project="QRCodeMobileLib" Source="..\QRCodeMobileLib\exception\InvalidVersionInfoException.cs" Description="ファイルは正常に D:\Minami\Tips\QR Code\QRCode\QRCode\QRCodeLib\Backup\QRCodeMobileLib\exception\InvalidVersionInfoException.cs としてバックアップされました。">
</Event><Event ErrorLevel="0" Project="QRCodeMobileLib" Source="..\QRCodeMobileLib\exception\SymbolNotFoundException.cs" Description="ファイルは正常に D:\Minami\Tips\QR Code\QRCode\QRCode\QRCodeLib\Backup\QRCodeMobileLib\exception\SymbolNotFoundException.cs としてバックアップされました。">
</Event><Event ErrorLevel="0" Project="QRCodeMobileLib" Source="..\QRCodeMobileLib\exception\VersionInformationException.cs" Description="ファイルは正常に D:\Minami\Tips\QR Code\QRCode\QRCode\QRCodeLib\Backup\QRCodeMobileLib\exception\VersionInformationException.cs としてバックアップされました。">
</Event><Event ErrorLevel="0" Project="QRCodeMobileLib" Source="..\QRCodeMobileLib\geom\Axis.cs" Description="ファイルは正常に D:\Minami\Tips\QR Code\QRCode\QRCode\QRCodeLib\Backup\QRCodeMobileLib\geom\Axis.cs としてバックアップされました。">
</Event><Event ErrorLevel="0" Project="QRCodeMobileLib" Source="..\QRCodeMobileLib\geom\Line.cs" Description="ファイルは正常に D:\Minami\Tips\QR Code\QRCode\QRCode\QRCodeLib\Backup\QRCodeMobileLib\geom\Line.cs としてバックアップされました。">
</Event><Event ErrorLevel="0" Project="QRCodeMobileLib" Source="..\QRCodeMobileLib\geom\Point.cs" Description="ファイルは正常に D:\Minami\Tips\QR Code\QRCode\QRCode\QRCodeLib\Backup\QRCodeMobileLib\geom\Point.cs としてバックアップされました。">
</Event><Event ErrorLevel="0" Project="QRCodeMobileLib" Source="..\QRCodeMobileLib\geom\SamplingGrid.cs" Description="ファイルは正常に D:\Minami\Tips\QR Code\QRCode\QRCode\QRCodeLib\Backup\QRCodeMobileLib\geom\SamplingGrid.cs としてバックアップされました。">
</Event><Event ErrorLevel="0" Project="QRCodeMobileLib" Source="..\QRCodeMobileLib\Properties\AssemblyInfo.cs" Description="ファイルは正常に D:\Minami\Tips\QR Code\QRCode\QRCode\QRCodeLib\Backup\QRCodeMobileLib\Properties\AssemblyInfo.cs としてバックアップされました。">
</Event><Event ErrorLevel="0" Project="QRCodeMobileLib" Source="..\QRCodeMobileLib\Properties\Resources.Designer.cs" Description="ファイルは正常に D:\Minami\Tips\QR Code\QRCode\QRCode\QRCodeLib\Backup\QRCodeMobileLib\Properties\Resources.Designer.cs としてバックアップされました。">
</Event><Event ErrorLevel="0" Project="QRCodeMobileLib" Source="..\QRCodeMobileLib\QRCodeDecoder.cs" Description="ファイルは正常に D:\Minami\Tips\QR Code\QRCode\QRCode\QRCodeLib\Backup\QRCodeMobileLib\QRCodeDecoder.cs としてバックアップされました。">
</Event><Event ErrorLevel="0" Project="QRCodeMobileLib" Source="..\QRCodeMobileLib\QRCodeEncoder.cs" Description="ファイルは正常に D:\Minami\Tips\QR Code\QRCode\QRCode\QRCodeLib\Backup\QRCodeMobileLib\QRCodeEncoder.cs としてバックアップされました。">
</Event><Event ErrorLevel="0" Project="QRCodeMobileLib" Source="..\QRCodeMobileLib\reader\pattern\AlignmentPattern.cs" Description="ファイルは正常に D:\Minami\Tips\QR Code\QRCode\QRCode\QRCodeLib\Backup\QRCodeMobileLib\reader\pattern\AlignmentPattern.cs としてバックアップされました。">
</Event><Event ErrorLevel="0" Project="QRCodeMobileLib" Source="..\QRCodeMobileLib\reader\pattern\FinderPattern.cs" Description="ファイルは正常に D:\Minami\Tips\QR Code\QRCode\QRCode\QRCodeLib\Backup\QRCodeMobileLib\reader\pattern\FinderPattern.cs としてバックアップされました。">
</Event><Event ErrorLevel="0" Project="QRCodeMobileLib" Source="..\QRCodeMobileLib\reader\pattern\LogicalSeed.cs" Description="ファイルは正常に D:\Minami\Tips\QR Code\QRCode\QRCode\QRCodeLib\Backup\QRCodeMobileLib\reader\pattern\LogicalSeed.cs としてバックアップされました。">
</Event><Event ErrorLevel="0" Project="QRCodeMobileLib" Source="..\QRCodeMobileLib\reader\QRCodeDataBlockReader.cs" Description="ファイルは正常に D:\Minami\Tips\QR Code\QRCode\QRCode\QRCodeLib\Backup\QRCodeMobileLib\reader\QRCodeDataBlockReader.cs としてバックアップされました。">
</Event><Event ErrorLevel="0" Project="QRCodeMobileLib" Source="..\QRCodeMobileLib\reader\QRCodeImageReader.cs" Description="ファイルは正常に D:\Minami\Tips\QR Code\QRCode\QRCode\QRCodeLib\Backup\QRCodeMobileLib\reader\QRCodeImageReader.cs としてバックアップされました。">
</Event><Event ErrorLevel="0" Project="QRCodeMobileLib" Source="..\QRCodeMobileLib\util\Color.cs" Description="ファイルは正常に D:\Minami\Tips\QR Code\QRCode\QRCode\QRCodeLib\Backup\QRCodeMobileLib\util\Color.cs としてバックアップされました。">
</Event><Event ErrorLevel="0" Project="QRCodeMobileLib" Source="..\QRCodeMobileLib\util\ConsoleCanvas.cs" Description="ファイルは正常に D:\Minami\Tips\QR Code\QRCode\QRCode\QRCodeLib\Backup\QRCodeMobileLib\util\ConsoleCanvas.cs としてバックアップされました。">
</Event><Event ErrorLevel="0" Project="QRCodeMobileLib" Source="..\QRCodeMobileLib\util\ContentConverter.cs" Description="ファイルは正常に D:\Minami\Tips\QR Code\QRCode\QRCode\QRCodeLib\Backup\QRCodeMobileLib\util\ContentConverter.cs としてバックアップされました。">
</Event><Event ErrorLevel="0" Project="QRCodeMobileLib" Source="..\QRCodeMobileLib\util\DebugCanvas.cs" Description="ファイルは正常に D:\Minami\Tips\QR Code\QRCode\QRCode\QRCodeLib\Backup\QRCodeMobileLib\util\DebugCanvas.cs としてバックアップされました。">
</Event><Event ErrorLevel="0" Project="QRCodeMobileLib" Source="..\QRCodeMobileLib\util\DebugCanvasAdapter.cs" Description="ファイルは正常に D:\Minami\Tips\QR Code\QRCode\QRCode\QRCodeLib\Backup\QRCodeMobileLib\util\DebugCanvasAdapter.cs としてバックアップされました。">
</Event><Event ErrorLevel="0" Project="QRCodeMobileLib" Source="..\QRCodeMobileLib\util\QRCodeUtility.cs" Description="ファイルは正常に D:\Minami\Tips\QR Code\QRCode\QRCode\QRCodeLib\Backup\QRCodeMobileLib\util\QRCodeUtility.cs としてバックアップされました。">
</Event><Event ErrorLevel="0" Project="QRCodeMobileLib" Source="..\QRCodeMobileLib\util\SystemUtils.cs" Description="ファイルは正常に D:\Minami\Tips\QR Code\QRCode\QRCode\QRCodeLib\Backup\QRCodeMobileLib\util\SystemUtils.cs としてバックアップされました。">
</Event><Event ErrorLevel="0" Project="QRCodeMobileLib" Source="..\QRCodeMobileLib\Properties\Resources.resx" Description="ファイルは正常に D:\Minami\Tips\QR Code\QRCode\QRCode\QRCodeLib\Backup\QRCodeMobileLib\Properties\Resources.resx としてバックアップされました。">
</Event><Event ErrorLevel="0" Project="QRCodeMobileLib" Source="..\QRCodeMobileLib\QRCodeMobileLib.csproj" Description="プロジェクトは正常に変換されました。">
</Event><Event ErrorLevel="3" Project="QRCodeMobileLib" Source="..\QRCodeMobileLib\QRCodeMobileLib.csproj" Description="Converted">
</Event><Event ErrorLevel="1" Project="QRCodeWindowsMobile5" Source="..\QRCodeWindowsMobile5.0\QRCodeWindowsMobile5.csproj" Description="警告: プロジェクト ファイルは、元のソリューションの相対パスとは異なる相対パスにバックアップされています。フォルダー階層の違いにより、バックアップされたソリューションおよびプロジェクトを開いたり作成したりするときに、問題が発生する可能性があります。">
</Event><Event ErrorLevel="0" Project="QRCodeWindowsMobile5" Source="..\QRCodeWindowsMobile5.0\QRCodeWindowsMobile5.csproj" Description="プロジェクト ファイルは正常に D:\Minami\Tips\QR Code\QRCode\QRCode\QRCodeLib\Backup\QRCodeWindowsMobile5\QRCodeWindowsMobile5.csproj としてバックアップされました。">
</Event><Event ErrorLevel="0" Project="QRCodeWindowsMobile5" Source="..\QRCodeWindowsMobile5.0\QRCodeWindowsMobile5.csproj.user" Description="プロジェクト ユーザー ファイルは正常に D:\Minami\Tips\QR Code\QRCode\QRCode\QRCodeLib\Backup\QRCodeWindowsMobile5\QRCodeWindowsMobile5.csproj.user としてバックアップされました。">
</Event><Event ErrorLevel="0" Project="QRCodeWindowsMobile5" Source="..\QRCodeWindowsMobile5.0\MainForm.cs" Description="ファイルは正常に D:\Minami\Tips\QR Code\QRCode\QRCode\QRCodeLib\Backup\QRCodeWindowsMobile5\MainForm.cs としてバックアップされました。">
</Event><Event ErrorLevel="0" Project="QRCodeWindowsMobile5" Source="..\QRCodeWindowsMobile5.0\MainForm.Designer.cs" Description="ファイルは正常に D:\Minami\Tips\QR Code\QRCode\QRCode\QRCodeLib\Backup\QRCodeWindowsMobile5\MainForm.Designer.cs としてバックアップされました。">
</Event><Event ErrorLevel="0" Project="QRCodeWindowsMobile5" Source="..\QRCodeWindowsMobile5.0\Program.cs" Description="ファイルは正常に D:\Minami\Tips\QR Code\QRCode\QRCode\QRCodeLib\Backup\QRCodeWindowsMobile5\Program.cs としてバックアップされました。">
</Event><Event ErrorLevel="0" Project="QRCodeWindowsMobile5" Source="..\QRCodeWindowsMobile5.0\Properties\AssemblyInfo.cs" Description="ファイルは正常に D:\Minami\Tips\QR Code\QRCode\QRCode\QRCodeLib\Backup\QRCodeWindowsMobile5\Properties\AssemblyInfo.cs としてバックアップされました。">
</Event><Event ErrorLevel="0" Project="QRCodeWindowsMobile5" Source="..\QRCodeWindowsMobile5.0\Properties\Resources.Designer.cs" Description="ファイルは正常に D:\Minami\Tips\QR Code\QRCode\QRCode\QRCodeLib\Backup\QRCodeWindowsMobile5\Properties\Resources.Designer.cs としてバックアップされました。">
</Event><Event ErrorLevel="0" Project="QRCodeWindowsMobile5" Source="..\QRCodeWindowsMobile5.0\MainForm.resx" Description="ファイルは正常に D:\Minami\Tips\QR Code\QRCode\QRCode\QRCodeLib\Backup\QRCodeWindowsMobile5\MainForm.resx としてバックアップされました。">
</Event><Event ErrorLevel="0" Project="QRCodeWindowsMobile5" Source="..\QRCodeWindowsMobile5.0\Properties\Resources.resx" Description="ファイルは正常に D:\Minami\Tips\QR Code\QRCode\QRCode\QRCodeLib\Backup\QRCodeWindowsMobile5\Properties\Resources.resx としてバックアップされました。">
</Event><Event ErrorLevel="0" Project="QRCodeWindowsMobile5" Source="..\QRCodeWindowsMobile5.0\QRCodeWindowsMobile5.csproj" Description="プロジェクトは正常に変換されました。">
</Event><Event ErrorLevel="3" Project="QRCodeWindowsMobile5" Source="..\QRCodeWindowsMobile5.0\QRCodeWindowsMobile5.csproj" Description="Converted">
</Event><Event ErrorLevel="2" Project="QRCodeMobileLib" Source="..\QRCodeMobileLib\QRCodeMobileLib.csproj" Description="プロジェクト ファイル 'D:\Minami\Tips\QR Code\QRCode\QRCode\QRCodeMobileLib\QRCodeMobileLib.csproj' を開けません。&#xA;&#xA;プロジェクトの種類がこのインストールでサポートされていません。">
</Event><Event ErrorLevel="2" Project="QRCodeWindowsMobile5" Source="..\QRCodeWindowsMobile5.0\QRCodeWindowsMobile5.csproj" Description="プロジェクト ファイル 'D:\Minami\Tips\QR Code\QRCode\QRCode\QRCodeWindowsMobile5.0\QRCodeWindowsMobile5.csproj' を開けません。&#xA;&#xA;プロジェクトの種類がこのインストールでサポートされていません。">
</Event><Event ErrorLevel="0" Project="" Source="ThoughtWorks.QRCode.sln" Description="ソリューションは正常に変換されました">
</Event><Event ErrorLevel="3" Project="" Source="ThoughtWorks.QRCode.sln" Description="Converted">
</Event></UpgradeLog>